,date,region_code,region,recovered,active_cases,deceased,cases
0,2020-10-07,1,Eivissa,1771.0,349.0,15.0,2111.0
0,2020-10-07,0,total-balears,12197.0,2421.0,320.0,14859.0
0,2020-10-07,2,Formentera,123.0,14.0,1.0,138.0
0,2020-10-07,3,Mallorca,9971.0,2015.0,291.0,12223.0
0,2020-10-07,4,Menorca,332.0,43.0,13.0,387.0
1,2020-10-08,1,Eivissa,1787.0,354.0,15.0,2132.0
1,2020-10-08,2,Formentera,124.0,13.0,1.0,138.0
1,2020-10-08,0,total-balears,12278.0,2450.0,323.0,14973.0
1,2020-10-08,3,Mallorca,10033.0,2040.0,294.0,12314.0
1,2020-10-08,4,Menorca,334.0,43.0,13.0,389.0
2,2020-10-09,2,Formentera,124.0,13.0,1.0,138.0
2,2020-10-09,3,Mallorca,10033.0,2040.0,294.0,12314.0
2,2020-10-09,0,total-balears,12278.0,2450.0,323.0,14973.0
2,2020-10-09,1,Eivissa,1787.0,354.0,15.0,2132.0
2,2020-10-09,4,Menorca,334.0,43.0,13.0,389.0
3,2020-10-10,1,Eivissa,1787.0,354.0,15.0,2132.0
3,2020-10-10,2,Formentera,124.0,13.0,1.0,138.0
3,2020-10-10,0,total-balears,12278.0,2450.0,323.0,14973.0
3,2020-10-10,4,Menorca,334.0,43.0,13.0,389.0
3,2020-10-10,3,Mallorca,10033.0,2040.0,294.0,12314.0
4,2020-10-11,3,Mallorca,10033.0,2040.0,294.0,12314.0
4,2020-10-11,2,Formentera,124.0,13.0,1.0,138.0
4,2020-10-11,1,Eivissa,1787.0,354.0,15.0,2132.0
4,2020-10-11,4,Menorca,334.0,43.0,13.0,389.0
4,2020-10-11,0,total-balears,12278.0,2450.0,323.0,14973.0
5,2020-10-12,0,total-balears,12593.0,2613.0,323.0,15452.0
5,2020-10-12,2,Formentera,126.0,11.0,1.0,138.0
5,2020-10-12,1,Eivissa,1861.0,321.0,15.0,2173.0
5,2020-10-12,4,Menorca,337.0,47.0,13.0,396.0
5,2020-10-12,3,Mallorca,10269.0,2234.0,294.0,12745.0
6,2020-10-13,3,Mallorca,10334.0,2229.0,298.0,12810.0
6,2020-10-13,4,Menorca,340.0,74.0,13.0,426.0
6,2020-10-13,0,total-balears,12680.0,2634.0,328.0,15566.0
6,2020-10-13,1,Eivissa,1877.0,323.0,16.0,2192.0
6,2020-10-13,2,Formentera,129.0,8.0,1.0,138.0
7,2020-10-14,2,Formentera,129.0,8.0,1.0,138.0
7,2020-10-14,0,total-balears,12741.0,2697.0,332.0,15695.0
7,2020-10-14,4,Menorca,340.0,78.0,13.0,430.0
7,2020-10-14,1,Eivissa,1885.0,327.0,16.0,2204.0
7,2020-10-14,3,Mallorca,10387.0,2284.0,302.0,12923.0
8,2020-10-15,2,Formentera,129.0,8.0,1.0,138.0
8,2020-10-15,0,total-balears,12911.0,2650.0,334.0,15820.0
8,2020-10-15,4,Menorca,340.0,81.0,13.0,433.0
8,2020-10-15,1,Eivissa,1917.0,312.0,16.0,2221.0
8,2020-10-15,3,Mallorca,10525.0,2249.0,304.0,13028.0
9,2020-10-16,4,Menorca,340.0,81.0,13.0,433.0
9,2020-10-16,1,Eivissa,1917.0,312.0,16.0,2221.0
9,2020-10-16,3,Mallorca,10525.0,2249.0,304.0,13028.0
9,2020-10-16,2,Formentera,129.0,8.0,1.0,138.0
9,2020-10-16,0,total-balears,12911.0,2650.0,334.0,15820.0
10,2020-10-17,4,Menorca,340.0,81.0,13.0,433.0
10,2020-10-17,2,Formentera,129.0,8.0,1.0,138.0
10,2020-10-17,0,total-balears,12911.0,2650.0,334.0,15820.0
10,2020-10-17,1,Eivissa,1917.0,312.0,16.0,2221.0
10,2020-10-17,3,Mallorca,10525.0,2249.0,304.0,13028.0
11,2020-10-18,3,Mallorca,10798.0,2279.0,304.0,13331.0
11,2020-10-18,4,Menorca,344.0,92.0,13.0,448.0
11,2020-10-18,0,total-balears,13238.0,2695.0,334.0,16192.0
11,2020-10-18,1,Eivissa,1967.0,316.0,16.0,2275.0
11,2020-10-18,2,Formentera,129.0,8.0,1.0,138.0
12,2020-10-19,1,Eivissa,1991.0,321.0,16.0,2304.0
12,2020-10-19,0,total-balears,13368.0,2681.0,339.0,16313.0
12,2020-10-19,2,Formentera,129.0,9.0,1.0,139.0
12,2020-10-19,3,Mallorca,10900.0,2252.0,309.0,13411.0
12,2020-10-19,4,Menorca,348.0,99.0,13.0,459.0
13,2020-10-20,2,Formentera,129.0,9.0,1.0,139.0
13,2020-10-20,0,total-balears,13474.0,2735.0,343.0,16477.0
13,2020-10-20,4,Menorca,351.0,105.0,13.0,468.0
13,2020-10-20,3,Mallorca,10982.0,2288.0,313.0,13533.0
13,2020-10-20,1,Eivissa,2012.0,333.0,16.0,2337.0
14,2020-10-21,2,Formentera,129.0,9.0,1.0,139.0
14,2020-10-21,0,total-balears,13594.0,2787.0,351.0,16660.0
14,2020-10-21,4,Menorca,356.0,111.0,13.0,479.0
14,2020-10-21,3,Mallorca,11078.0,2324.0,321.0,13676.0
14,2020-10-21,1,Eivissa,2031.0,343.0,16.0,2366.0
15,2020-10-22,0,total-balears,13671.0,2908.0,359.0,16873.0
15,2020-10-22,4,Menorca,356.0,126.0,14.0,495.0
15,2020-10-22,3,Mallorca,11143.0,2405.0,328.0,13835.0
15,2020-10-22,2,Formentera,129.0,9.0,1.0,139.0
15,2020-10-22,1,Eivissa,2043.0,368.0,16.0,2404.0
16,2020-10-23,4,Menorca,356.0,126.0,14.0,495.0
16,2020-10-23,0,total-balears,13671.0,2908.0,359.0,16873.0
16,2020-10-23,2,Formentera,129.0,9.0,1.0,139.0
16,2020-10-23,1,Eivissa,2043.0,368.0,16.0,2404.0
16,2020-10-23,3,Mallorca,11143.0,2405.0,328.0,13835.0
17,2020-10-24,0,total-balears,13671.0,2908.0,359.0,16873.0
17,2020-10-24,3,Mallorca,11143.0,2405.0,328.0,13835.0
17,2020-10-24,1,Eivissa,2043.0,368.0,16.0,2404.0
17,2020-10-24,2,Formentera,129.0,9.0,1.0,139.0
17,2020-10-24,4,Menorca,356.0,126.0,14.0,495.0
18,2020-10-25,3,Mallorca,11466.0,2546.0,333.0,14305.0
18,2020-10-25,1,Eivissa,2110.0,359.0,16.0,2462.0
18,2020-10-25,0,total-balears,14090.0,3040.0,364.0,17430.0
18,2020-10-25,2,Formentera,130.0,9.0,1.0,140.0
18,2020-10-25,4,Menorca,384.0,126.0,14.0,523.0
19,2020-10-26,3,Mallorca,11466.0,2546.0,333.0,14305.0
19,2020-10-26,1,Eivissa,2110.0,359.0,16.0,2462.0
19,2020-10-26,0,total-balears,14090.0,3040.0,364.0,17430.0
19,2020-10-26,2,Formentera,130.0,9.0,1.0,140.0
19,2020-10-26,4,Menorca,384.0,126.0,14.0,523.0
20,2020-10-27,2,Formentera,130.0,12.0,1.0,143.0
20,2020-10-27,1,Eivissa,2152.0,408.0,16.0,2554.0
20,2020-10-27,0,total-balears,14378.0,3168.0,366.0,17849.0
20,2020-10-27,4,Menorca,395.0,132.0,14.0,540.0
20,2020-10-27,3,Mallorca,11701.0,2616.0,335.0,14612.0
21,2020-10-28,2,Formentera,130.0,14.0,1.0,145.0
21,2020-10-28,4,Menorca,400.0,139.0,14.0,552.0
21,2020-10-28,1,Eivissa,2164.0,430.0,16.0,2587.0
21,2020-10-28,3,Mallorca,11763.0,2731.0,335.0,14789.0
21,2020-10-28,0,total-balears,14457.0,3314.0,366.0,18073.0
22,2020-10-29,0,total-balears,14457.0,3314.0,366.0,18073.0
22,2020-10-29,1,Eivissa,2164.0,430.0,16.0,2587.0
22,2020-10-29,4,Menorca,400.0,139.0,14.0,552.0
22,2020-10-29,3,Mallorca,11763.0,2731.0,335.0,14789.0
22,2020-10-29,2,Formentera,130.0,14.0,1.0,145.0
23,2020-10-30,1,Eivissa,2164.0,430.0,16.0,2587.0
23,2020-10-30,3,Mallorca,11763.0,2731.0,335.0,14789.0
23,2020-10-30,4,Menorca,400.0,139.0,14.0,552.0
23,2020-10-30,2,Formentera,130.0,14.0,1.0,145.0
23,2020-10-30,0,total-balears,14457.0,3314.0,366.0,18073.0
24,2020-10-31,4,Menorca,400.0,139.0,14.0,552.0
24,2020-10-31,3,Mallorca,11763.0,2731.0,335.0,14789.0
24,2020-10-31,2,Formentera,130.0,14.0,1.0,145.0
24,2020-10-31,0,total-balears,14457.0,3314.0,366.0,18073.0
24,2020-10-31,1,Eivissa,2164.0,430.0,16.0,2587.0
25,2020-11-01,4,Menorca,430.0,126.0,14.0,569.0
25,2020-11-01,1,Eivissa,2256.0,523.0,17.0,2773.0
25,2020-11-01,0,total-balears,15012.0,3589.0,372.0,18909.0
25,2020-11-01,2,Formentera,131.0,13.0,1.0,145.0
25,2020-11-01,3,Mallorca,12195.0,2927.0,340.0,15422.0
26,2020-11-02,1,Eivissa,2277.0,540.0,17.0,2812.0
26,2020-11-02,2,Formentera,131.0,14.0,1.0,146.0
26,2020-11-02,3,Mallorca,12329.0,2969.0,341.0,15599.0
26,2020-11-02,4,Menorca,442.0,125.0,14.0,580.0
26,2020-11-02,0,total-balears,15179.0,3648.0,373.0,19137.0
27,2020-11-03,4,Menorca,466.0,103.0,14.0,582.0
27,2020-11-03,1,Eivissa,2312.0,544.0,17.0,2851.0
27,2020-11-03,2,Formentera,131.0,15.0,1.0,147.0
27,2020-11-03,0,total-balears,15376.0,3663.0,374.0,19350.0
27,2020-11-03,3,Mallorca,12467.0,3001.0,342.0,15770.0
28,2020-11-04,3,Mallorca,12626.0,3024.0,343.0,15953.0
28,2020-11-04,4,Menorca,481.0,101.0,14.0,595.0
28,2020-11-04,2,Formentera,132.0,16.0,1.0,149.0
28,2020-11-04,1,Eivissa,2337.0,583.0,17.0,2915.0
28,2020-11-04,0,total-balears,15576.0,3724.0,375.0,19612.0
29,2020-11-05,4,Menorca,484.0,107.0,14.0,604.0
29,2020-11-05,3,Mallorca,12763.0,3097.0,347.0,16167.0
29,2020-11-05,2,Formentera,133.0,16.0,1.0,150.0
29,2020-11-05,0,total-balears,15744.0,3805.0,379.0,19865.0
29,2020-11-05,1,Eivissa,2364.0,585.0,17.0,2944.0
30,2020-11-06,4,Menorca,484.0,107.0,14.0,604.0
30,2020-11-06,3,Mallorca,12763.0,3097.0,347.0,16167.0
30,2020-11-06,2,Formentera,133.0,16.0,1.0,150.0
30,2020-11-06,1,Eivissa,2364.0,585.0,17.0,2944.0
30,2020-11-06,0,total-balears,15744.0,3805.0,379.0,19865.0
31,2020-11-07,2,Formentera,133.0,16.0,1.0,150.0
31,2020-11-07,0,total-balears,15744.0,3805.0,379.0,19865.0
31,2020-11-07,1,Eivissa,2364.0,585.0,17.0,2944.0
31,2020-11-07,4,Menorca,484.0,107.0,14.0,604.0
31,2020-11-07,3,Mallorca,12763.0,3097.0,347.0,16167.0
32,2020-11-08,3,Mallorca,13181.0,3273.0,349.0,16763.0
32,2020-11-08,0,total-balears,16255.0,3962.0,381.0,20535.0
32,2020-11-08,2,Formentera,137.0,12.0,1.0,150.0
32,2020-11-08,4,Menorca,500.0,104.0,14.0,617.0
32,2020-11-08,1,Eivissa,2437.0,573.0,17.0,3005.0
33,2020-11-09,3,Mallorca,13315.0,3288.0,351.0,16914.0
33,2020-11-09,1,Eivissa,2466.0,569.0,17.0,3030.0
33,2020-11-09,4,Menorca,505.0,110.0,14.0,628.0
33,2020-11-09,2,Formentera,137.0,13.0,1.0,151.0
33,2020-11-09,0,total-balears,16423.0,3980.0,383.0,20723.0
34,2020-11-10,1,Eivissa,2497.0,584.0,17.0,3076.0
34,2020-11-10,0,total-balears,16594.0,4052.0,383.0,20966.0
34,2020-11-10,2,Formentera,137.0,14.0,1.0,152.0
34,2020-11-10,3,Mallorca,13452.0,3343.0,351.0,17106.0
34,2020-11-10,4,Menorca,508.0,111.0,14.0,632.0
35,2020-11-11,4,Menorca,509.0,124.0,14.0,646.0
35,2020-11-11,1,Eivissa,2515.0,598.0,19.0,3110.0
35,2020-11-11,3,Mallorca,13554.0,3411.0,352.0,17277.0
35,2020-11-11,0,total-balears,16715.0,4147.0,386.0,21185.0
35,2020-11-11,2,Formentera,137.0,14.0,1.0,152.0
36,2020-11-12,3,Mallorca,13685.0,3427.0,353.0,17425.0
36,2020-11-12,4,Menorca,517.0,125.0,14.0,655.0
36,2020-11-12,2,Formentera,137.0,16.0,1.0,154.0
36,2020-11-12,1,Eivissa,2571.0,562.0,24.0,3135.0
36,2020-11-12,0,total-balears,16910.0,4130.0,392.0,21369.0
37,2020-11-13,4,Menorca,517.0,125.0,14.0,655.0
37,2020-11-13,3,Mallorca,13685.0,3427.0,353.0,17425.0
37,2020-11-13,2,Formentera,137.0,16.0,1.0,154.0
37,2020-11-13,1,Eivissa,2571.0,562.0,24.0,3135.0
37,2020-11-13,0,total-balears,16910.0,4130.0,392.0,21369.0
38,2020-11-14,0,total-balears,16910.0,4130.0,392.0,21369.0
38,2020-11-14,4,Menorca,517.0,125.0,14.0,655.0
38,2020-11-14,3,Mallorca,13685.0,3427.0,353.0,17425.0
38,2020-11-14,1,Eivissa,2571.0,562.0,24.0,3135.0
38,2020-11-14,2,Formentera,137.0,16.0,1.0,154.0
39,2020-11-15,4,Menorca,527.0,137.0,14.0,678.0
39,2020-11-15,0,total-balears,17464.0,4108.0,394.0,21904.0
39,2020-11-15,1,Eivissa,2665.0,528.0,25.0,3196.0
39,2020-11-15,3,Mallorca,14134.0,3428.0,354.0,17876.0
39,2020-11-15,2,Formentera,138.0,15.0,1.0,154.0
40,2020-11-16,0,total-balears,17751.0,4033.0,400.0,22123.0
40,2020-11-16,3,Mallorca,14360.0,3376.0,359.0,18056.0
40,2020-11-16,4,Menorca,530.0,152.0,14.0,696.0
40,2020-11-16,1,Eivissa,2722.0,490.0,26.0,3216.0
40,2020-11-16,2,Formentera,139.0,15.0,1.0,155.0
41,2020-11-17,1,Eivissa,2761.0,469.0,26.0,3233.0
41,2020-11-17,4,Menorca,546.0,139.0,14.0,698.0
41,2020-11-17,2,Formentera,140.0,14.0,1.0,155.0
41,2020-11-17,3,Mallorca,14601.0,3314.0,359.0,18235.0
41,2020-11-17,0,total-balears,18048.0,3936.0,400.0,22321.0
42,2020-11-18,0,total-balears,18265.0,3896.0,401.0,22499.0
42,2020-11-18,1,Eivissa,2792.0,460.0,26.0,3255.0
42,2020-11-18,2,Formentera,140.0,16.0,1.0,157.0
42,2020-11-18,3,Mallorca,14780.0,3281.0,360.0,18382.0
42,2020-11-18,4,Menorca,553.0,139.0,14.0,705.0
43,2020-11-19,4,Menorca,557.0,141.0,14.0,711.0
43,2020-11-19,0,total-balears,18462.0,3877.0,401.0,22677.0
43,2020-11-19,1,Eivissa,2823.0,462.0,26.0,3288.0
43,2020-11-19,2,Formentera,140.0,18.0,1.0,159.0
43,2020-11-19,3,Mallorca,14942.0,3256.0,360.0,18519.0
44,2020-11-20,4,Menorca,557.0,141.0,14.0,711.0
44,2020-11-20,0,total-balears,18462.0,3877.0,401.0,22677.0
44,2020-11-20,1,Eivissa,2823.0,462.0,26.0,3288.0
44,2020-11-20,2,Formentera,140.0,18.0,1.0,159.0
44,2020-11-20,3,Mallorca,14942.0,3256.0,360.0,18519.0
45,2020-11-21,3,Mallorca,14942.0,3256.0,360.0,18519.0
45,2020-11-21,1,Eivissa,2823.0,462.0,26.0,3288.0
45,2020-11-21,0,total-balears,18462.0,3877.0,401.0,22677.0
45,2020-11-21,4,Menorca,557.0,141.0,14.0,711.0
45,2020-11-21,2,Formentera,140.0,18.0,1.0,159.0
46,2020-11-22,4,Menorca,580.0,125.0,14.0,718.0
46,2020-11-22,0,total-balears,18983.0,3791.0,401.0,23112.0
46,2020-11-22,1,Eivissa,2880.0,439.0,26.0,3322.0
46,2020-11-22,2,Formentera,141.0,18.0,1.0,160.0
46,2020-11-22,3,Mallorca,15382.0,3209.0,360.0,18912.0
47,2020-11-23,1,Eivissa,2880.0,439.0,26.0,3322.0
47,2020-11-23,4,Menorca,580.0,125.0,14.0,718.0
47,2020-11-23,3,Mallorca,15382.0,3209.0,360.0,18912.0
47,2020-11-23,2,Formentera,141.0,18.0,1.0,160.0
47,2020-11-23,0,total-balears,18983.0,3791.0,401.0,23112.0
48,2020-11-24,1,Eivissa,2880.0,439.0,26.0,3322.0
48,2020-11-24,2,Formentera,141.0,18.0,1.0,160.0
48,2020-11-24,0,total-balears,18983.0,3791.0,401.0,23112.0
48,2020-11-24,4,Menorca,580.0,125.0,14.0,718.0
48,2020-11-24,3,Mallorca,15382.0,3209.0,360.0,18912.0
49,2020-11-25,3,Mallorca,15382.0,3209.0,360.0,18912.0
49,2020-11-25,1,Eivissa,2880.0,439.0,26.0,3322.0
49,2020-11-25,2,Formentera,141.0,18.0,1.0,160.0
49,2020-11-25,0,total-balears,18983.0,3791.0,401.0,23112.0
49,2020-11-25,4,Menorca,580.0,125.0,14.0,718.0
50,2020-11-26,4,Menorca,580.0,125.0,14.0,718.0
50,2020-11-26,2,Formentera,141.0,18.0,1.0,160.0
50,2020-11-26,1,Eivissa,2880.0,439.0,26.0,3322.0
50,2020-11-26,0,total-balears,18983.0,3791.0,401.0,23112.0
50,2020-11-26,3,Mallorca,15382.0,3209.0,360.0,18912.0
51,2020-11-27,3,Mallorca,15382.0,3209.0,360.0,18912.0
51,2020-11-27,2,Formentera,141.0,18.0,1.0,160.0
51,2020-11-27,1,Eivissa,2880.0,439.0,26.0,3322.0
51,2020-11-27,4,Menorca,580.0,125.0,14.0,718.0
51,2020-11-27,0,total-balears,18983.0,3791.0,401.0,23112.0
52,2020-11-28,4,Menorca,580.0,125.0,14.0,718.0
52,2020-11-28,2,Formentera,141.0,18.0,1.0,160.0
52,2020-11-28,0,total-balears,18983.0,3791.0,401.0,23112.0
52,2020-11-28,3,Mallorca,15382.0,3209.0,360.0,18912.0
52,2020-11-28,1,Eivissa,2880.0,439.0,26.0,3322.0
53,2020-11-29,3,Mallorca,16372.0,3309.0,369.0,20014.0
53,2020-11-29,2,Formentera,147.0,15.0,1.0,163.0
53,2020-11-29,4,Menorca,626.0,124.0,14.0,763.0
53,2020-11-29,0,total-balears,20183.0,3831.0,410.0,24364.0
53,2020-11-29,1,Eivissa,3038.0,383.0,26.0,3424.0
54,2020-11-30,4,Menorca,630.0,134.0,14.0,777.0
54,2020-11-30,3,Mallorca,16420.0,3407.0,371.0,20163.0
54,2020-11-30,0,total-balears,20247.0,3941.0,412.0,24541.0
54,2020-11-30,1,Eivissa,3050.0,385.0,26.0,3438.0
54,2020-11-30,2,Formentera,147.0,15.0,1.0,163.0
55,2020-12-01,2,Formentera,147.0,15.0,1.0,163.0
55,2020-12-01,0,total-balears,20382.0,3996.0,414.0,24734.0
55,2020-12-01,3,Mallorca,16546.0,3451.0,373.0,20336.0
55,2020-12-01,1,Eivissa,3058.0,390.0,26.0,3451.0
55,2020-12-01,4,Menorca,631.0,140.0,14.0,784.0
56,2020-12-02,3,Mallorca,16682.0,3487.0,383.0,20520.0
56,2020-12-02,0,total-balears,20543.0,4039.0,424.0,24950.0
56,2020-12-02,2,Formentera,148.0,14.0,1.0,163.0
56,2020-12-02,1,Eivissa,3077.0,388.0,26.0,3468.0
56,2020-12-02,4,Menorca,636.0,150.0,14.0,799.0
57,2020-12-03,2,Formentera,152.0,10.0,1.0,163.0
57,2020-12-03,3,Mallorca,16863.0,3530.0,385.0,20746.0
57,2020-12-03,1,Eivissa,3089.0,408.0,26.0,3500.0
57,2020-12-03,4,Menorca,645.0,146.0,14.0,804.0
57,2020-12-03,0,total-balears,20749.0,4094.0,426.0,25213.0
58,2020-12-04,2,Formentera,152.0,10.0,1.0,163.0
58,2020-12-04,1,Eivissa,3089.0,408.0,26.0,3500.0
58,2020-12-04,4,Menorca,645.0,146.0,14.0,804.0
58,2020-12-04,0,total-balears,20749.0,4094.0,426.0,25213.0
58,2020-12-04,3,Mallorca,16863.0,3530.0,385.0,20746.0
59,2020-12-05,3,Mallorca,16863.0,3530.0,385.0,20746.0
59,2020-12-05,2,Formentera,152.0,10.0,1.0,163.0
59,2020-12-05,4,Menorca,645.0,146.0,14.0,804.0
59,2020-12-05,0,total-balears,20749.0,4094.0,426.0,25213.0
59,2020-12-05,1,Eivissa,3089.0,408.0,26.0,3500.0
60,2020-12-06,2,Formentera,152.0,10.0,1.0,163.0
60,2020-12-06,4,Menorca,645.0,146.0,14.0,804.0
60,2020-12-06,3,Mallorca,16863.0,3530.0,385.0,20746.0
60,2020-12-06,0,total-balears,20749.0,4094.0,426.0,25213.0
60,2020-12-06,1,Eivissa,3089.0,408.0,26.0,3500.0
61,2020-12-07,3,Mallorca,16863.0,3530.0,385.0,20746.0
61,2020-12-07,1,Eivissa,3089.0,408.0,26.0,3500.0
61,2020-12-07,4,Menorca,645.0,146.0,14.0,804.0
61,2020-12-07,2,Formentera,152.0,10.0,1.0,163.0
61,2020-12-07,0,total-balears,20749.0,4094.0,426.0,25213.0
62,2020-12-08,0,total-balears,21585.0,4322.0,426.0,26277.0
62,2020-12-08,4,Menorca,677.0,180.0,14.0,870.0
62,2020-12-08,3,Mallorca,17568.0,3749.0,385.0,21670.0
62,2020-12-08,2,Formentera,153.0,12.0,1.0,166.0
62,2020-12-08,1,Eivissa,3187.0,381.0,26.0,3571.0
63,2020-12-09,4,Menorca,685.0,181.0,14.0,879.0
63,2020-12-09,2,Formentera,153.0,13.0,1.0,167.0
63,2020-12-09,0,total-balears,21757.0,4385.0,427.0,26513.0
63,2020-12-09,1,Eivissa,3195.0,382.0,26.0,3580.0
63,2020-12-09,3,Mallorca,17724.0,3809.0,386.0,21887.0
64,2020-12-10,2,Formentera,153.0,14.0,1.0,168.0
64,2020-12-10,4,Menorca,687.0,184.0,14.0,884.0
64,2020-12-10,0,total-balears,21873.0,4571.0,428.0,26818.0
64,2020-12-10,1,Eivissa,3203.0,392.0,26.0,3598.0
64,2020-12-10,3,Mallorca,17830.0,3981.0,387.0,22168.0
65,2020-12-11,2,Formentera,153.0,14.0,1.0,168.0
65,2020-12-11,0,total-balears,21873.0,4571.0,428.0,26818.0
65,2020-12-11,4,Menorca,687.0,184.0,14.0,884.0
65,2020-12-11,1,Eivissa,3203.0,392.0,26.0,3598.0
65,2020-12-11,3,Mallorca,17830.0,3981.0,387.0,22168.0
66,2020-12-12,1,Eivissa,3203.0,392.0,26.0,3598.0
66,2020-12-12,2,Formentera,153.0,14.0,1.0,168.0
66,2020-12-12,4,Menorca,687.0,184.0,14.0,884.0
66,2020-12-12,0,total-balears,21873.0,4571.0,428.0,26818.0
66,2020-12-12,3,Mallorca,17830.0,3981.0,387.0,22168.0
67,2020-12-13,1,Eivissa,3227.0,396.0,26.0,3626.0
67,2020-12-13,2,Formentera,153.0,19.0,1.0,173.0
67,2020-12-13,4,Menorca,703.0,183.0,14.0,899.0
67,2020-12-13,0,total-balears,22172.0,5237.0,430.0,27785.0
67,2020-12-13,3,Mallorca,18089.0,4639.0,389.0,23087.0
68,2020-12-14,1,Eivissa,3237.0,401.0,26.0,3641.0
68,2020-12-14,2,Formentera,154.0,19.0,1.0,174.0
68,2020-12-14,0,total-balears,22284.0,5423.0,432.0,28085.0
68,2020-12-14,3,Mallorca,18184.0,4816.0,391.0,23361.0
68,2020-12-14,4,Menorca,709.0,187.0,14.0,909.0
69,2020-12-15,2,Formentera,155.0,28.0,1.0,184.0
69,2020-12-15,0,total-balears,22799.0,5304.0,435.0,28486.0
69,2020-12-15,4,Menorca,726.0,177.0,14.0,916.0
69,2020-12-15,3,Mallorca,18640.0,4727.0,394.0,23733.0
69,2020-12-15,1,Eivissa,3278.0,372.0,26.0,3653.0
70,2020-12-16,3,Mallorca,18889.0,4827.0,395.0,24083.0
70,2020-12-16,4,Menorca,735.0,175.0,15.0,924.0
70,2020-12-16,2,Formentera,156.0,37.0,1.0,194.0
70,2020-12-16,0,total-balears,23075.0,5418.0,437.0,28878.0
70,2020-12-16,1,Eivissa,3295.0,379.0,26.0,3677.0
71,2020-12-17,1,Eivissa,3313.0,388.0,26.0,3704.0
71,2020-12-17,4,Menorca,762.0,179.0,15.0,955.0
71,2020-12-17,3,Mallorca,19202.0,4896.0,398.0,24469.0
71,2020-12-17,0,total-balears,23435.0,5512.0,440.0,29336.0
71,2020-12-17,2,Formentera,158.0,49.0,1.0,208.0
72,2020-12-18,0,total-balears,23435.0,5512.0,440.0,29336.0
72,2020-12-18,1,Eivissa,3313.0,388.0,26.0,3704.0
72,2020-12-18,2,Formentera,158.0,49.0,1.0,208.0
72,2020-12-18,3,Mallorca,19202.0,4896.0,398.0,24469.0
72,2020-12-18,4,Menorca,762.0,179.0,15.0,955.0
73,2020-12-19,0,total-balears,23435.0,5512.0,440.0,29336.0
73,2020-12-19,3,Mallorca,19202.0,4896.0,398.0,24469.0
73,2020-12-19,1,Eivissa,3313.0,388.0,26.0,3704.0
73,2020-12-19,2,Formentera,158.0,49.0,1.0,208.0
73,2020-12-19,4,Menorca,762.0,179.0,15.0,955.0
74,2020-12-20,0,total-balears,24042.0,6290.0,445.0,30726.0
74,2020-12-20,1,Eivissa,3329.0,408.0,26.0,3740.0
74,2020-12-20,3,Mallorca,19770.0,5660.0,403.0,25806.0
74,2020-12-20,2,Formentera,160.0,57.0,1.0,218.0
74,2020-12-20,4,Menorca,783.0,165.0,15.0,962.0
75,2020-12-21,1,Eivissa,3342.0,417.0,26.0,3762.0
75,2020-12-21,4,Menorca,792.0,158.0,15.0,964.0
75,2020-12-21,3,Mallorca,20001.0,5892.0,408.0,26275.0
75,2020-12-21,0,total-balears,24304.0,6524.0,450.0,31228.0
75,2020-12-21,2,Formentera,169.0,57.0,1.0,227.0
76,2020-12-22,2,Formentera,170.0,60.0,1.0,231.0
76,2020-12-22,1,Eivissa,3345.0,436.0,26.0,3784.0
76,2020-12-22,4,Menorca,801.0,157.0,15.0,972.0
76,2020-12-22,3,Mallorca,20304.0,6031.0,408.0,26717.0
76,2020-12-22,0,total-balears,24620.0,6684.0,450.0,31704.0
77,2020-12-23,2,Formentera,170.0,60.0,1.0,231.0
77,2020-12-23,3,Mallorca,20304.0,6031.0,408.0,26717.0
77,2020-12-23,4,Menorca,801.0,157.0,15.0,972.0
77,2020-12-23,0,total-balears,24620.0,6684.0,450.0,31704.0
77,2020-12-23,1,Eivissa,3345.0,436.0,26.0,3784.0
78,2020-12-24,4,Menorca,801.0,157.0,15.0,972.0
78,2020-12-24,0,total-balears,24620.0,6684.0,450.0,31704.0
78,2020-12-24,2,Formentera,170.0,60.0,1.0,231.0
78,2020-12-24,3,Mallorca,20304.0,6031.0,408.0,26717.0
78,2020-12-24,1,Eivissa,3345.0,436.0,26.0,3784.0
79,2020-12-25,2,Formentera,170.0,60.0,1.0,231.0
79,2020-12-25,4,Menorca,801.0,157.0,15.0,972.0
79,2020-12-25,3,Mallorca,20304.0,6031.0,408.0,26717.0
79,2020-12-25,1,Eivissa,3345.0,436.0,26.0,3784.0
79,2020-12-25,0,total-balears,24620.0,6684.0,450.0,31704.0
80,2020-12-26,1,Eivissa,3345.0,436.0,26.0,3784.0
80,2020-12-26,2,Formentera,170.0,60.0,1.0,231.0
80,2020-12-26,4,Menorca,801.0,157.0,15.0,972.0
80,2020-12-26,3,Mallorca,20304.0,6031.0,408.0,26717.0
80,2020-12-26,0,total-balears,24620.0,6684.0,450.0,31704.0
81,2020-12-27,1,Eivissa,3385.0,446.0,27.0,3835.0
81,2020-12-27,2,Formentera,185.0,72.0,2.0,259.0
81,2020-12-27,3,Mallorca,21333.0,6928.0,415.0,28650.0
81,2020-12-27,4,Menorca,831.0,164.0,15.0,1009.0
81,2020-12-27,0,total-balears,25734.0,7610.0,459.0,33753.0
82,2020-12-28,3,Mallorca,22133.0,6683.0,418.0,29209.0
82,2020-12-28,2,Formentera,195.0,65.0,2.0,262.0
82,2020-12-28,1,Eivissa,3437.0,424.0,27.0,3865.0
82,2020-12-28,0,total-balears,26612.0,7329.0,462.0,34354.0
82,2020-12-28,4,Menorca,847.0,157.0,15.0,1018.0
83,2020-12-29,1,Eivissa,3456.0,443.0,27.0,3903.0
83,2020-12-29,4,Menorca,858.0,158.0,15.0,1030.0
83,2020-12-29,2,Formentera,198.0,65.0,2.0,265.0
83,2020-12-29,0,total-balears,27102.0,7383.0,466.0,34902.0
83,2020-12-29,3,Mallorca,22590.0,6717.0,422.0,29704.0
84,2020-12-30,3,Mallorca,22590.0,6717.0,422.0,29704.0
84,2020-12-30,1,Eivissa,3456.0,443.0,27.0,3903.0
84,2020-12-30,0,total-balears,27102.0,7383.0,466.0,34902.0
84,2020-12-30,4,Menorca,858.0,158.0,15.0,1030.0
84,2020-12-30,2,Formentera,198.0,65.0,2.0,265.0
85,2020-12-31,4,Menorca,858.0,158.0,15.0,1030.0
85,2020-12-31,1,Eivissa,3456.0,443.0,27.0,3903.0
85,2020-12-31,3,Mallorca,22590.0,6717.0,422.0,29704.0
85,2020-12-31,0,total-balears,27102.0,7383.0,466.0,34902.0
85,2020-12-31,2,Formentera,198.0,65.0,2.0,265.0
86,2021-01-01,2,Formentera,198.0,65.0,2.0,265.0
86,2021-01-01,4,Menorca,858.0,158.0,15.0,1030.0
86,2021-01-01,1,Eivissa,3456.0,443.0,27.0,3903.0
86,2021-01-01,3,Mallorca,22590.0,6717.0,422.0,29704.0
86,2021-01-01,0,total-balears,27102.0,7383.0,466.0,34902.0
87,2021-01-02,2,Formentera,198.0,65.0,2.0,265.0
87,2021-01-02,1,Eivissa,3456.0,443.0,27.0,3903.0
87,2021-01-02,3,Mallorca,22590.0,6717.0,422.0,29704.0
87,2021-01-02,0,total-balears,27102.0,7383.0,466.0,34902.0
87,2021-01-02,4,Menorca,858.0,158.0,15.0,1030.0
88,2021-01-03,4,Menorca,872.0,207.0,15.0,1093.0
88,2021-01-03,2,Formentera,213.0,60.0,2.0,275.0
88,2021-01-03,3,Mallorca,23521.0,7907.0,433.0,31837.0
88,2021-01-03,0,total-balears,28094.0,8839.0,477.0,37362.0
88,2021-01-03,1,Eivissa,3488.0,665.0,27.0,4157.0
89,2021-01-04,0,total-balears,29651.0,7775.0,481.0,37862.0
89,2021-01-04,2,Formentera,235.0,41.0,2.0,278.0
89,2021-01-04,3,Mallorca,24991.0,6862.0,436.0,32268.0
89,2021-01-04,1,Eivissa,3540.0,661.0,27.0,4205.0
89,2021-01-04,4,Menorca,885.0,211.0,16.0,1111.0
90,2021-01-05,1,Eivissa,3540.0,661.0,27.0,4205.0
90,2021-01-05,4,Menorca,885.0,211.0,16.0,1111.0
90,2021-01-05,2,Formentera,235.0,41.0,2.0,278.0
90,2021-01-05,0,total-balears,29651.0,7775.0,481.0,37862.0
90,2021-01-05,3,Mallorca,24991.0,6862.0,436.0,32268.0
91,2021-01-06,1,Eivissa,3559.0,758.0,27.0,4321.0
91,2021-01-06,4,Menorca,899.0,227.0,16.0,1141.0
91,2021-01-06,2,Formentera,238.0,41.0,2.0,281.0
91,2021-01-06,0,total-balears,30023.0,8500.0,481.0,38959.0
91,2021-01-06,3,Mallorca,25327.0,7474.0,436.0,33216.0
92,2021-01-07,4,Menorca,908.0,248.0,16.0,1171.0
92,2021-01-07,0,total-balears,30670.0,8406.0,483.0,39514.0
92,2021-01-07,1,Eivissa,3601.0,831.0,27.0,4436.0
92,2021-01-07,3,Mallorca,25918.0,7289.0,438.0,33624.0
92,2021-01-07,2,Formentera,243.0,38.0,2.0,283.0
93,2021-01-08,1,Eivissa,3601.0,831.0,27.0,4436.0
93,2021-01-08,0,total-balears,30670.0,8406.0,483.0,39514.0
93,2021-01-08,4,Menorca,908.0,248.0,16.0,1171.0
93,2021-01-08,3,Mallorca,25918.0,7289.0,438.0,33624.0
93,2021-01-08,2,Formentera,243.0,38.0,2.0,283.0
94,2021-01-09,2,Formentera,243.0,38.0,2.0,283.0
94,2021-01-09,1,Eivissa,3601.0,831.0,27.0,4436.0
94,2021-01-09,4,Menorca,908.0,248.0,16.0,1171.0
94,2021-01-09,3,Mallorca,25918.0,7289.0,438.0,33624.0
94,2021-01-09,0,total-balears,30670.0,8406.0,483.0,39514.0
95,2021-01-10,4,Menorca,929.0,289.0,17.0,1234.0
95,2021-01-10,0,total-balears,31671.0,9086.0,491.0,41203.0
95,2021-01-10,2,Formentera,246.0,39.0,2.0,287.0
95,2021-01-10,3,Mallorca,26814.0,7556.0,445.0,34794.0
95,2021-01-10,1,Eivissa,3682.0,1202.0,27.0,4888.0
96,2021-01-11,0,total-balears,32068.0,9222.0,498.0,41744.0
96,2021-01-11,3,Mallorca,27135.0,7627.0,451.0,35193.0
96,2021-01-11,2,Formentera,252.0,35.0,2.0,289.0
96,2021-01-11,4,Menorca,950.0,283.0,17.0,1249.0
96,2021-01-11,1,Eivissa,3731.0,1277.0,28.0,5013.0
97,2021-01-12,1,Eivissa,3766.0,1471.0,29.0,5243.0
97,2021-01-12,3,Mallorca,27308.0,7903.0,454.0,35645.0
97,2021-01-12,2,Formentera,253.0,39.0,3.0,295.0
97,2021-01-12,4,Menorca,958.0,318.0,17.0,1292.0
97,2021-01-12,0,total-balears,32285.0,9731.0,503.0,42475.0
98,2021-01-13,3,Mallorca,27452.0,8110.0,456.0,35998.0
98,2021-01-13,1,Eivissa,3790.0,1740.0,31.0,5538.0
98,2021-01-13,0,total-balears,32463.0,10233.0,507.0,43159.0
98,2021-01-13,2,Formentera,253.0,42.0,3.0,298.0
98,2021-01-13,4,Menorca,968.0,341.0,17.0,1325.0
99,2021-01-14,3,Mallorca,28006.0,7941.0,457.0,36385.0
99,2021-01-14,0,total-balears,33097.0,10299.0,508.0,43862.0
99,2021-01-14,1,Eivissa,3858.0,1914.0,31.0,5781.0
99,2021-01-14,4,Menorca,979.0,392.0,17.0,1387.0
99,2021-01-14,2,Formentera,254.0,52.0,3.0,309.0
100,2021-01-15,0,total-balears,33097.0,10299.0,508.0,43862.0
100,2021-01-15,3,Mallorca,28006.0,7941.0,457.0,36385.0
100,2021-01-15,1,Eivissa,3858.0,1914.0,31.0,5781.0
100,2021-01-15,4,Menorca,979.0,392.0,17.0,1387.0
100,2021-01-15,2,Formentera,254.0,52.0,3.0,309.0
101,2021-01-16,0,total-balears,33097.0,10299.0,508.0,43862.0
101,2021-01-16,2,Formentera,254.0,52.0,3.0,309.0
101,2021-01-16,3,Mallorca,28006.0,7941.0,457.0,36385.0
101,2021-01-16,1,Eivissa,3858.0,1914.0,31.0,5781.0
101,2021-01-16,4,Menorca,979.0,392.0,17.0,1387.0
102,2021-01-17,0,total-balears,35122.0,9850.0,518.0,45448.0
102,2021-01-17,3,Mallorca,29656.0,7155.0,466.0,37258.0
102,2021-01-17,1,Eivissa,4163.0,2226.0,31.0,6398.0
102,2021-01-17,4,Menorca,1043.0,405.0,18.0,1465.0
102,2021-01-17,2,Formentera,260.0,64.0,3.0,327.0
103,2021-01-18,1,Eivissa,4300.0,2334.0,33.0,6645.0
103,2021-01-18,2,Formentera,264.0,67.0,3.0,334.0
103,2021-01-18,3,Mallorca,30075.0,7022.0,474.0,37552.0
103,2021-01-18,4,Menorca,1067.0,410.0,18.0,1494.0
103,2021-01-18,0,total-balears,35706.0,9833.0,528.0,46025.0
104,2021-01-19,0,total-balears,35706.0,9833.0,528.0,46025.0
104,2021-01-19,4,Menorca,1067.0,410.0,18.0,1494.0
104,2021-01-19,1,Eivissa,4300.0,2334.0,33.0,6645.0
104,2021-01-19,2,Formentera,264.0,67.0,3.0,334.0
104,2021-01-19,3,Mallorca,30075.0,7022.0,474.0,37552.0
105,2021-01-20,3,Mallorca,30075.0,7022.0,474.0,37552.0
105,2021-01-20,4,Menorca,1067.0,410.0,18.0,1494.0
105,2021-01-20,0,total-balears,35706.0,9833.0,528.0,46025.0
105,2021-01-20,2,Formentera,264.0,67.0,3.0,334.0
105,2021-01-20,1,Eivissa,4300.0,2334.0,33.0,6645.0
106,2021-01-21,3,Mallorca,30075.0,7022.0,474.0,37552.0
106,2021-01-21,4,Menorca,1067.0,410.0,18.0,1494.0
106,2021-01-21,1,Eivissa,4300.0,2334.0,33.0,6645.0
106,2021-01-21,2,Formentera,264.0,67.0,3.0,334.0
106,2021-01-21,0,total-balears,35706.0,9833.0,528.0,46025.0
107,2021-01-22,3,Mallorca,30075.0,7022.0,474.0,37552.0
107,2021-01-22,2,Formentera,264.0,67.0,3.0,334.0
107,2021-01-22,1,Eivissa,4300.0,2334.0,33.0,6645.0
107,2021-01-22,4,Menorca,1067.0,410.0,18.0,1494.0
107,2021-01-22,0,total-balears,35706.0,9833.0,528.0,46025.0
108,2021-01-23,1,Eivissa,4300.0,2334.0,33.0,6645.0
108,2021-01-23,3,Mallorca,30075.0,7022.0,474.0,37552.0
108,2021-01-23,4,Menorca,1067.0,410.0,18.0,1494.0
108,2021-01-23,0,total-balears,35706.0,9833.0,528.0,46025.0
108,2021-01-23,2,Formentera,264.0,67.0,3.0,334.0
109,2021-01-24,1,Eivissa,4300.0,2334.0,33.0,6645.0
109,2021-01-24,3,Mallorca,30075.0,7022.0,474.0,37552.0
109,2021-01-24,4,Menorca,1067.0,410.0,18.0,1494.0
109,2021-01-24,2,Formentera,264.0,67.0,3.0,334.0
109,2021-01-24,0,total-balears,35706.0,9833.0,528.0,46025.0
110,2021-01-25,3,Mallorca,30075.0,7022.0,474.0,37552.0
110,2021-01-25,4,Menorca,1067.0,410.0,18.0,1494.0
110,2021-01-25,0,total-balears,35706.0,9833.0,528.0,46025.0
110,2021-01-25,2,Formentera,264.0,67.0,3.0,334.0
110,2021-01-25,1,Eivissa,4300.0,2334.0,33.0,6645.0
111,2021-01-26,2,Formentera,264.0,67.0,3.0,334.0
111,2021-01-26,3,Mallorca,30075.0,7022.0,474.0,37552.0
111,2021-01-26,0,total-balears,35706.0,9833.0,528.0,46025.0
111,2021-01-26,1,Eivissa,4300.0,2334.0,33.0,6645.0
111,2021-01-26,4,Menorca,1067.0,410.0,18.0,1494.0
112,2021-01-27,3,Mallorca,33949.0,5400.0,520.0,39690.0
112,2021-01-27,0,total-balears,41980.0,8672.0,579.0,51013.0
112,2021-01-27,4,Menorca,1373.0,403.0,20.0,1788.0
112,2021-01-27,2,Formentera,311.0,141.0,3.0,452.0
112,2021-01-27,1,Eivissa,6347.0,2728.0,36.0,9083.0
113,2021-01-28,0,total-balears,42693.0,8425.0,585.0,51485.0
113,2021-01-28,2,Formentera,324.0,141.0,3.0,465.0
113,2021-01-28,1,Eivissa,6593.0,2706.0,37.0,9308.0
113,2021-01-28,4,Menorca,1397.0,408.0,20.0,1817.0
113,2021-01-28,3,Mallorca,34379.0,5170.0,525.0,39895.0
114,2021-01-29,1,Eivissa,6593.0,2706.0,37.0,9308.0
114,2021-01-29,4,Menorca,1397.0,408.0,20.0,1817.0
114,2021-01-29,2,Formentera,324.0,141.0,3.0,465.0
114,2021-01-29,0,total-balears,42693.0,8425.0,585.0,51485.0
114,2021-01-29,3,Mallorca,34379.0,5170.0,525.0,39895.0
115,2021-01-30,0,total-balears,42693.0,8425.0,585.0,51485.0
115,2021-01-30,3,Mallorca,34379.0,5170.0,525.0,39895.0
115,2021-01-30,1,Eivissa,6593.0,2706.0,37.0,9308.0
115,2021-01-30,4,Menorca,1397.0,408.0,20.0,1817.0
115,2021-01-30,2,Formentera,324.0,141.0,3.0,465.0
116,2021-01-31,3,Mallorca,35320.0,4632.0,534.0,40310.0
116,2021-01-31,1,Eivissa,7155.0,2603.0,40.0,9770.0
116,2021-01-31,4,Menorca,1491.0,346.0,21.0,1850.0
116,2021-01-31,2,Formentera,339.0,131.0,3.0,470.0
116,2021-01-31,0,total-balears,44305.0,7712.0,598.0,52400.0
117,2021-02-01,1,Eivissa,7268.0,2589.0,43.0,9872.0
117,2021-02-01,2,Formentera,342.0,132.0,3.0,474.0
117,2021-02-01,0,total-balears,44546.0,7682.0,605.0,52616.0
117,2021-02-01,4,Menorca,1498.0,356.0,21.0,1867.0
117,2021-02-01,3,Mallorca,35438.0,4605.0,538.0,40403.0
118,2021-02-02,1,Eivissa,7379.0,2635.0,45.0,10032.0
118,2021-02-02,2,Formentera,355.0,121.0,3.0,476.0
118,2021-02-02,4,Menorca,1525.0,353.0,22.0,1892.0
118,2021-02-02,3,Mallorca,35610.0,4564.0,541.0,40537.0
118,2021-02-02,0,total-balears,44869.0,7673.0,611.0,52937.0
119,2021-02-03,2,Formentera,355.0,121.0,3.0,476.0
119,2021-02-03,4,Menorca,1525.0,353.0,22.0,1892.0
119,2021-02-03,0,total-balears,44869.0,7673.0,611.0,52937.0
119,2021-02-03,3,Mallorca,35610.0,4564.0,541.0,40537.0
119,2021-02-03,1,Eivissa,7379.0,2635.0,45.0,10032.0
120,2021-02-04,4,Menorca,1586.0,347.0,23.0,1948.0
120,2021-02-04,0,total-balears,45870.0,7212.0,624.0,53494.0
120,2021-02-04,3,Mallorca,36156.0,4250.0,548.0,40778.0
120,2021-02-04,2,Formentera,376.0,104.0,3.0,480.0
120,2021-02-04,1,Eivissa,7752.0,2511.0,50.0,10288.0
121,2021-02-05,1,Eivissa,7752.0,2511.0,50.0,10288.0
121,2021-02-05,3,Mallorca,36156.0,4250.0,548.0,40778.0
121,2021-02-05,0,total-balears,45870.0,7212.0,624.0,53494.0
121,2021-02-05,4,Menorca,1586.0,347.0,23.0,1948.0
121,2021-02-05,2,Formentera,376.0,104.0,3.0,480.0
122,2021-02-06,4,Menorca,1586.0,347.0,23.0,1948.0
122,2021-02-06,2,Formentera,376.0,104.0,3.0,480.0
122,2021-02-06,0,total-balears,45870.0,7212.0,624.0,53494.0
122,2021-02-06,3,Mallorca,36156.0,4250.0,548.0,40778.0
122,2021-02-06,1,Eivissa,7752.0,2511.0,50.0,10288.0
123,2021-02-07,2,Formentera,407.0,76.0,4.0,484.0
123,2021-02-07,3,Mallorca,36690.0,3917.0,554.0,40986.0
123,2021-02-07,1,Eivissa,8259.0,2270.0,52.0,10556.0
123,2021-02-07,4,Menorca,1632.0,320.0,23.0,1967.0
123,2021-02-07,0,total-balears,46988.0,6583.0,633.0,53993.0
124,2021-02-08,2,Formentera,407.0,76.0,4.0,484.0
124,2021-02-08,4,Menorca,1632.0,320.0,23.0,1967.0
124,2021-02-08,3,Mallorca,36690.0,3917.0,554.0,40986.0
124,2021-02-08,0,total-balears,46988.0,6583.0,633.0,53993.0
124,2021-02-08,1,Eivissa,8259.0,2270.0,52.0,10556.0
125,2021-02-09,4,Menorca,1694.0,270.0,23.0,1979.0
125,2021-02-09,2,Formentera,431.0,58.0,4.0,490.0
125,2021-02-09,1,Eivissa,8709.0,1977.0,56.0,10717.0
125,2021-02-09,3,Mallorca,37350.0,3416.0,561.0,41153.0
125,2021-02-09,0,total-balears,48184.0,5721.0,644.0,54339.0
