,date,region_code,region,cases,recovered,active_cases,deceased
0,2020-10-07,07052,Sant Lluís,25.0,22.0,2.0,1.0
0,2020-10-07,07002,Alaior,16.0,14.0,2.0,0.0
0,2020-10-07,0,total-menorca,387.0,332.0,43.0,13.0
0,2020-10-07,07064,Es Castell,17.0,13.0,4.0,0.0
0,2020-10-07,07023,Ferreries,1.0,0.0,1.0,0.0
0,2020-10-07,07902,Es Migjorn Gran,1.0,1.0,0.0,0.0
0,2020-10-07,07037,Es Mercadal,25.0,21.0,1.0,3.0
0,2020-10-07,07032,Maó,98.0,83.0,10.0,6.0
0,2020-10-07,07015,Ciutadella de Menorca,204.0,178.0,23.0,3.0
1,2020-10-08,0,total-menorca,389.0,334.0,43.0,13.0
1,2020-10-08,07064,Es Castell,17.0,13.0,4.0,0.0
1,2020-10-08,07023,Ferreries,1.0,0.0,1.0,0.0
1,2020-10-08,07002,Alaior,16.0,14.0,2.0,0.0
1,2020-10-08,07037,Es Mercadal,26.0,22.0,1.0,3.0
1,2020-10-08,07032,Maó,98.0,83.0,10.0,6.0
1,2020-10-08,07015,Ciutadella de Menorca,205.0,179.0,23.0,3.0
1,2020-10-08,07902,Es Migjorn Gran,1.0,1.0,0.0,0.0
1,2020-10-08,07052,Sant Lluís,25.0,22.0,2.0,1.0
2,2020-10-09,07002,Alaior,16.0,14.0,2.0,0.0
2,2020-10-09,07064,Es Castell,17.0,13.0,4.0,0.0
2,2020-10-09,07037,Es Mercadal,26.0,22.0,1.0,3.0
2,2020-10-09,07023,Ferreries,1.0,0.0,1.0,0.0
2,2020-10-09,07902,Es Migjorn Gran,1.0,1.0,0.0,0.0
2,2020-10-09,07015,Ciutadella de Menorca,205.0,179.0,23.0,3.0
2,2020-10-09,07052,Sant Lluís,25.0,22.0,2.0,1.0
2,2020-10-09,0,total-menorca,389.0,334.0,43.0,13.0
2,2020-10-09,07032,Maó,98.0,83.0,10.0,6.0
3,2020-10-10,07002,Alaior,16.0,14.0,2.0,0.0
3,2020-10-10,07037,Es Mercadal,26.0,22.0,1.0,3.0
3,2020-10-10,07902,Es Migjorn Gran,1.0,1.0,0.0,0.0
3,2020-10-10,07023,Ferreries,1.0,0.0,1.0,0.0
3,2020-10-10,07032,Maó,98.0,83.0,10.0,6.0
3,2020-10-10,07015,Ciutadella de Menorca,205.0,179.0,23.0,3.0
3,2020-10-10,07064,Es Castell,17.0,13.0,4.0,0.0
3,2020-10-10,07052,Sant Lluís,25.0,22.0,2.0,1.0
3,2020-10-10,0,total-menorca,389.0,334.0,43.0,13.0
4,2020-10-11,07037,Es Mercadal,26.0,22.0,1.0,3.0
4,2020-10-11,07052,Sant Lluís,25.0,22.0,2.0,1.0
4,2020-10-11,07015,Ciutadella de Menorca,205.0,179.0,23.0,3.0
4,2020-10-11,07002,Alaior,16.0,14.0,2.0,0.0
4,2020-10-11,07902,Es Migjorn Gran,1.0,1.0,0.0,0.0
4,2020-10-11,07023,Ferreries,1.0,0.0,1.0,0.0
4,2020-10-11,07032,Maó,98.0,83.0,10.0,6.0
4,2020-10-11,0,total-menorca,389.0,334.0,43.0,13.0
4,2020-10-11,07064,Es Castell,17.0,13.0,4.0,0.0
5,2020-10-12,07902,Es Migjorn Gran,1.0,1.0,0.0,0.0
5,2020-10-12,07052,Sant Lluís,25.0,22.0,2.0,1.0
5,2020-10-12,07023,Ferreries,1.0,0.0,1.0,0.0
5,2020-10-12,07037,Es Mercadal,27.0,22.0,2.0,3.0
5,2020-10-12,07064,Es Castell,17.0,13.0,4.0,0.0
5,2020-10-12,07032,Maó,100.0,85.0,10.0,6.0
5,2020-10-12,07002,Alaior,16.0,14.0,2.0,0.0
5,2020-10-12,07015,Ciutadella de Menorca,209.0,180.0,26.0,3.0
5,2020-10-12,0,total-menorca,396.0,337.0,47.0,13.0
6,2020-10-13,07002,Alaior,16.0,14.0,2.0,0.0
6,2020-10-13,07015,Ciutadella de Menorca,213.0,183.0,27.0,3.0
6,2020-10-13,07902,Es Migjorn Gran,1.0,1.0,0.0,0.0
6,2020-10-13,07037,Es Mercadal,27.0,22.0,2.0,3.0
6,2020-10-13,07052,Sant Lluís,26.0,22.0,3.0,1.0
6,2020-10-13,07064,Es Castell,18.0,13.0,5.0,0.0
6,2020-10-13,07032,Maó,124.0,85.0,34.0,6.0
6,2020-10-13,0,total-menorca,426.0,340.0,74.0,13.0
6,2020-10-13,07023,Ferreries,1.0,0.0,1.0,0.0
7,2020-10-14,07902,Es Migjorn Gran,1.0,1.0,0.0,0.0
7,2020-10-14,07023,Ferreries,1.0,0.0,1.0,0.0
7,2020-10-14,07002,Alaior,16.0,14.0,2.0,0.0
7,2020-10-14,0,total-menorca,430.0,340.0,78.0,13.0
7,2020-10-14,07052,Sant Lluís,26.0,22.0,3.0,1.0
7,2020-10-14,07037,Es Mercadal,27.0,22.0,2.0,3.0
7,2020-10-14,07015,Ciutadella de Menorca,217.0,183.0,31.0,3.0
7,2020-10-14,07032,Maó,124.0,85.0,34.0,6.0
7,2020-10-14,07064,Es Castell,18.0,13.0,5.0,0.0
8,2020-10-15,07023,Ferreries,1.0,0.0,1.0,0.0
8,2020-10-15,07015,Ciutadella de Menorca,217.0,183.0,31.0,3.0
8,2020-10-15,07902,Es Migjorn Gran,1.0,1.0,0.0,0.0
8,2020-10-15,07037,Es Mercadal,27.0,22.0,2.0,3.0
8,2020-10-15,07002,Alaior,16.0,14.0,2.0,0.0
8,2020-10-15,07032,Maó,127.0,85.0,37.0,6.0
8,2020-10-15,07052,Sant Lluís,26.0,22.0,3.0,1.0
8,2020-10-15,07064,Es Castell,18.0,13.0,5.0,0.0
8,2020-10-15,0,total-menorca,433.0,340.0,81.0,13.0
9,2020-10-16,07015,Ciutadella de Menorca,217.0,183.0,31.0,3.0
9,2020-10-16,07002,Alaior,16.0,14.0,2.0,0.0
9,2020-10-16,07037,Es Mercadal,27.0,22.0,2.0,3.0
9,2020-10-16,0,total-menorca,433.0,340.0,81.0,13.0
9,2020-10-16,07064,Es Castell,18.0,13.0,5.0,0.0
9,2020-10-16,07052,Sant Lluís,26.0,22.0,3.0,1.0
9,2020-10-16,07032,Maó,127.0,85.0,37.0,6.0
9,2020-10-16,07023,Ferreries,1.0,0.0,1.0,0.0
9,2020-10-16,07902,Es Migjorn Gran,1.0,1.0,0.0,0.0
10,2020-10-17,0,total-menorca,433.0,340.0,81.0,13.0
10,2020-10-17,07064,Es Castell,18.0,13.0,5.0,0.0
10,2020-10-17,07002,Alaior,16.0,14.0,2.0,0.0
10,2020-10-17,07902,Es Migjorn Gran,1.0,1.0,0.0,0.0
10,2020-10-17,07015,Ciutadella de Menorca,217.0,183.0,31.0,3.0
10,2020-10-17,07032,Maó,127.0,85.0,37.0,6.0
10,2020-10-17,07052,Sant Lluís,26.0,22.0,3.0,1.0
10,2020-10-17,07023,Ferreries,1.0,0.0,1.0,0.0
10,2020-10-17,07037,Es Mercadal,27.0,22.0,2.0,3.0
11,2020-10-18,07023,Ferreries,1.0,0.0,1.0,0.0
11,2020-10-18,07032,Maó,129.0,87.0,37.0,6.0
11,2020-10-18,0,total-menorca,448.0,344.0,92.0,13.0
11,2020-10-18,07037,Es Mercadal,27.0,22.0,2.0,3.0
11,2020-10-18,07052,Sant Lluís,26.0,22.0,3.0,1.0
11,2020-10-18,07015,Ciutadella de Menorca,219.0,183.0,33.0,3.0
11,2020-10-18,07902,Es Migjorn Gran,2.0,1.0,1.0,0.0
11,2020-10-18,07064,Es Castell,19.0,15.0,4.0,0.0
11,2020-10-18,07002,Alaior,25.0,14.0,11.0,0.0
12,2020-10-19,07002,Alaior,25.0,14.0,11.0,0.0
12,2020-10-19,07052,Sant Lluís,26.0,23.0,2.0,1.0
12,2020-10-19,07015,Ciutadella de Menorca,225.0,184.0,38.0,3.0
12,2020-10-19,07032,Maó,133.0,88.0,40.0,6.0
12,2020-10-19,07064,Es Castell,20.0,15.0,5.0,0.0
12,2020-10-19,0,total-menorca,459.0,348.0,99.0,13.0
12,2020-10-19,07902,Es Migjorn Gran,2.0,1.0,1.0,0.0
12,2020-10-19,07023,Ferreries,1.0,1.0,0.0,0.0
12,2020-10-19,07037,Es Mercadal,27.0,22.0,2.0,3.0
13,2020-10-20,07023,Ferreries,1.0,1.0,0.0,0.0
13,2020-10-20,07902,Es Migjorn Gran,2.0,1.0,1.0,0.0
13,2020-10-20,07032,Maó,136.0,88.0,43.0,6.0
13,2020-10-20,07064,Es Castell,20.0,15.0,5.0,0.0
13,2020-10-20,07037,Es Mercadal,27.0,23.0,1.0,3.0
13,2020-10-20,07052,Sant Lluís,28.0,23.0,4.0,1.0
13,2020-10-20,07015,Ciutadella de Menorca,229.0,186.0,40.0,3.0
13,2020-10-20,07002,Alaior,25.0,14.0,11.0,0.0
13,2020-10-20,0,total-menorca,468.0,351.0,105.0,13.0
14,2020-10-21,07032,Maó,139.0,91.0,43.0,6.0
14,2020-10-21,07064,Es Castell,20.0,15.0,5.0,0.0
14,2020-10-21,07015,Ciutadella de Menorca,235.0,187.0,45.0,3.0
14,2020-10-21,07023,Ferreries,1.0,1.0,0.0,0.0
14,2020-10-21,07002,Alaior,26.0,14.0,12.0,0.0
14,2020-10-21,07037,Es Mercadal,27.0,24.0,0.0,3.0
14,2020-10-21,0,total-menorca,479.0,356.0,111.0,13.0
14,2020-10-21,07052,Sant Lluís,29.0,23.0,5.0,1.0
14,2020-10-21,07902,Es Migjorn Gran,2.0,1.0,1.0,0.0
15,2020-10-22,0,total-menorca,495.0,356.0,126.0,14.0
15,2020-10-22,07037,Es Mercadal,27.0,23.0,0.0,4.0
15,2020-10-22,07023,Ferreries,2.0,1.0,1.0,0.0
15,2020-10-22,07032,Maó,145.0,91.0,49.0,6.0
15,2020-10-22,07002,Alaior,28.0,14.0,14.0,0.0
15,2020-10-22,07052,Sant Lluís,29.0,23.0,5.0,1.0
15,2020-10-22,07015,Ciutadella de Menorca,242.0,188.0,51.0,3.0
15,2020-10-22,07064,Es Castell,20.0,15.0,5.0,0.0
15,2020-10-22,07902,Es Migjorn Gran,2.0,1.0,1.0,0.0
16,2020-10-23,07052,Sant Lluís,29.0,23.0,5.0,1.0
16,2020-10-23,07032,Maó,145.0,91.0,49.0,6.0
16,2020-10-23,07002,Alaior,28.0,14.0,14.0,0.0
16,2020-10-23,07064,Es Castell,20.0,15.0,5.0,0.0
16,2020-10-23,07023,Ferreries,2.0,1.0,1.0,0.0
16,2020-10-23,07015,Ciutadella de Menorca,242.0,188.0,51.0,3.0
16,2020-10-23,07902,Es Migjorn Gran,2.0,1.0,1.0,0.0
16,2020-10-23,07037,Es Mercadal,27.0,23.0,0.0,4.0
16,2020-10-23,0,total-menorca,495.0,356.0,126.0,14.0
17,2020-10-24,07902,Es Migjorn Gran,2.0,1.0,1.0,0.0
17,2020-10-24,07032,Maó,145.0,91.0,49.0,6.0
17,2020-10-24,07052,Sant Lluís,29.0,23.0,5.0,1.0
17,2020-10-24,07015,Ciutadella de Menorca,242.0,188.0,51.0,3.0
17,2020-10-24,07037,Es Mercadal,27.0,23.0,0.0,4.0
17,2020-10-24,07064,Es Castell,20.0,15.0,5.0,0.0
17,2020-10-24,07023,Ferreries,2.0,1.0,1.0,0.0
17,2020-10-24,0,total-menorca,495.0,356.0,126.0,14.0
17,2020-10-24,07002,Alaior,28.0,14.0,14.0,0.0
18,2020-10-25,07002,Alaior,31.0,14.0,17.0,0.0
18,2020-10-25,0,total-menorca,523.0,384.0,126.0,14.0
18,2020-10-25,07902,Es Migjorn Gran,2.0,2.0,0.0,0.0
18,2020-10-25,07064,Es Castell,22.0,16.0,6.0,0.0
18,2020-10-25,07037,Es Mercadal,28.0,23.0,1.0,4.0
18,2020-10-25,07015,Ciutadella de Menorca,253.0,193.0,57.0,3.0
18,2020-10-25,07023,Ferreries,2.0,1.0,1.0,0.0
18,2020-10-25,07052,Sant Lluís,30.0,24.0,5.0,1.0
18,2020-10-25,07032,Maó,155.0,111.0,39.0,6.0
19,2020-10-26,07052,Sant Lluís,30.0,24.0,5.0,1.0
19,2020-10-26,0,total-menorca,523.0,384.0,126.0,14.0
19,2020-10-26,07032,Maó,155.0,111.0,39.0,6.0
19,2020-10-26,07902,Es Migjorn Gran,2.0,2.0,0.0,0.0
19,2020-10-26,07037,Es Mercadal,28.0,23.0,1.0,4.0
19,2020-10-26,07023,Ferreries,2.0,1.0,1.0,0.0
19,2020-10-26,07015,Ciutadella de Menorca,253.0,193.0,57.0,3.0
19,2020-10-26,07002,Alaior,31.0,14.0,17.0,0.0
19,2020-10-26,07064,Es Castell,22.0,16.0,6.0,0.0
20,2020-10-27,07064,Es Castell,24.0,17.0,7.0,0.0
20,2020-10-27,07002,Alaior,31.0,15.0,16.0,0.0
20,2020-10-27,07902,Es Migjorn Gran,2.0,2.0,0.0,0.0
20,2020-10-27,07023,Ferreries,3.0,1.0,2.0,0.0
20,2020-10-27,0,total-menorca,540.0,395.0,132.0,14.0
20,2020-10-27,07037,Es Mercadal,28.0,23.0,1.0,4.0
20,2020-10-27,07052,Sant Lluís,30.0,24.0,5.0,1.0
20,2020-10-27,07032,Maó,163.0,114.0,44.0,6.0
20,2020-10-27,07015,Ciutadella de Menorca,259.0,199.0,57.0,3.0
21,2020-10-28,07052,Sant Lluís,31.0,24.0,6.0,1.0
21,2020-10-28,07023,Ferreries,3.0,1.0,2.0,0.0
21,2020-10-28,07032,Maó,166.0,115.0,46.0,6.0
21,2020-10-28,07064,Es Castell,25.0,17.0,8.0,0.0
21,2020-10-28,07037,Es Mercadal,28.0,23.0,1.0,4.0
21,2020-10-28,0,total-menorca,552.0,400.0,139.0,14.0
21,2020-10-28,07002,Alaior,32.0,15.0,17.0,0.0
21,2020-10-28,07015,Ciutadella de Menorca,265.0,203.0,59.0,3.0
21,2020-10-28,07902,Es Migjorn Gran,2.0,2.0,0.0,0.0
22,2020-10-29,07037,Es Mercadal,28.0,23.0,1.0,4.0
22,2020-10-29,07064,Es Castell,25.0,17.0,8.0,0.0
22,2020-10-29,0,total-menorca,552.0,400.0,139.0,14.0
22,2020-10-29,07015,Ciutadella de Menorca,265.0,203.0,59.0,3.0
22,2020-10-29,07902,Es Migjorn Gran,2.0,2.0,0.0,0.0
22,2020-10-29,07032,Maó,166.0,115.0,46.0,6.0
22,2020-10-29,07023,Ferreries,3.0,1.0,2.0,0.0
22,2020-10-29,07052,Sant Lluís,31.0,24.0,6.0,1.0
22,2020-10-29,07002,Alaior,32.0,15.0,17.0,0.0
23,2020-10-30,07064,Es Castell,25.0,17.0,8.0,0.0
23,2020-10-30,07015,Ciutadella de Menorca,265.0,203.0,59.0,3.0
23,2020-10-30,0,total-menorca,552.0,400.0,139.0,14.0
23,2020-10-30,07037,Es Mercadal,28.0,23.0,1.0,4.0
23,2020-10-30,07032,Maó,166.0,115.0,46.0,6.0
23,2020-10-30,07002,Alaior,32.0,15.0,17.0,0.0
23,2020-10-30,07052,Sant Lluís,31.0,24.0,6.0,1.0
23,2020-10-30,07902,Es Migjorn Gran,2.0,2.0,0.0,0.0
23,2020-10-30,07023,Ferreries,3.0,1.0,2.0,0.0
24,2020-10-31,07023,Ferreries,3.0,1.0,2.0,0.0
24,2020-10-31,07015,Ciutadella de Menorca,265.0,203.0,59.0,3.0
24,2020-10-31,07902,Es Migjorn Gran,2.0,2.0,0.0,0.0
24,2020-10-31,07032,Maó,166.0,115.0,46.0,6.0
24,2020-10-31,07002,Alaior,32.0,15.0,17.0,0.0
24,2020-10-31,07064,Es Castell,25.0,17.0,8.0,0.0
24,2020-10-31,07037,Es Mercadal,28.0,23.0,1.0,4.0
24,2020-10-31,0,total-menorca,552.0,400.0,139.0,14.0
24,2020-10-31,07052,Sant Lluís,31.0,24.0,6.0,1.0
25,2020-11-01,07032,Maó,174.0,124.0,45.0,6.0
25,2020-11-01,07902,Es Migjorn Gran,2.0,2.0,0.0,0.0
25,2020-11-01,07037,Es Mercadal,28.0,23.0,1.0,4.0
25,2020-11-01,07023,Ferreries,3.0,1.0,2.0,0.0
25,2020-11-01,07052,Sant Lluís,32.0,27.0,4.0,1.0
25,2020-11-01,07015,Ciutadella de Menorca,273.0,212.0,58.0,3.0
25,2020-11-01,07002,Alaior,32.0,23.0,9.0,0.0
25,2020-11-01,0,total-menorca,569.0,430.0,126.0,14.0
25,2020-11-01,07064,Es Castell,25.0,18.0,7.0,0.0
26,2020-11-02,07064,Es Castell,26.0,18.0,8.0,0.0
26,2020-11-02,07037,Es Mercadal,28.0,24.0,0.0,4.0
26,2020-11-02,07023,Ferreries,3.0,2.0,1.0,0.0
26,2020-11-02,07002,Alaior,32.0,23.0,9.0,0.0
26,2020-11-02,07015,Ciutadella de Menorca,278.0,220.0,55.0,3.0
26,2020-11-02,07902,Es Migjorn Gran,2.0,2.0,0.0,0.0
26,2020-11-02,0,total-menorca,580.0,442.0,125.0,14.0
26,2020-11-02,07032,Maó,179.0,126.0,48.0,6.0
26,2020-11-02,07052,Sant Lluís,32.0,27.0,4.0,1.0
27,2020-11-03,07015,Ciutadella de Menorca,279.0,226.0,50.0,3.0
27,2020-11-03,07032,Maó,179.0,137.0,37.0,6.0
27,2020-11-03,07064,Es Castell,26.0,19.0,7.0,0.0
27,2020-11-03,07023,Ferreries,3.0,3.0,0.0,0.0
27,2020-11-03,07052,Sant Lluís,32.0,29.0,2.0,1.0
27,2020-11-03,07002,Alaior,33.0,26.0,7.0,0.0
27,2020-11-03,07902,Es Migjorn Gran,2.0,2.0,0.0,0.0
27,2020-11-03,07037,Es Mercadal,28.0,24.0,0.0,4.0
27,2020-11-03,0,total-menorca,582.0,466.0,103.0,14.0
28,2020-11-04,07064,Es Castell,28.0,19.0,9.0,0.0
28,2020-11-04,07052,Sant Lluís,35.0,29.0,5.0,1.0
28,2020-11-04,07015,Ciutadella de Menorca,283.0,233.0,47.0,3.0
28,2020-11-04,07023,Ferreries,4.0,3.0,1.0,0.0
28,2020-11-04,07902,Es Migjorn Gran,2.0,2.0,0.0,0.0
28,2020-11-04,07002,Alaior,35.0,27.0,8.0,0.0
28,2020-11-04,07037,Es Mercadal,28.0,24.0,0.0,4.0
28,2020-11-04,07032,Maó,180.0,144.0,31.0,6.0
28,2020-11-04,0,total-menorca,595.0,481.0,101.0,14.0
29,2020-11-05,07052,Sant Lluís,35.0,29.0,5.0,1.0
29,2020-11-05,07023,Ferreries,4.0,3.0,1.0,0.0
29,2020-11-05,0,total-menorca,604.0,484.0,107.0,14.0
29,2020-11-05,07015,Ciutadella de Menorca,285.0,234.0,48.0,3.0
29,2020-11-05,07902,Es Migjorn Gran,2.0,2.0,0.0,0.0
29,2020-11-05,07002,Alaior,39.0,27.0,12.0,0.0
29,2020-11-05,07032,Maó,183.0,146.0,32.0,6.0
29,2020-11-05,07037,Es Mercadal,28.0,24.0,0.0,4.0
29,2020-11-05,07064,Es Castell,28.0,19.0,9.0,0.0
30,2020-11-06,07002,Alaior,39.0,27.0,12.0,0.0
30,2020-11-06,07064,Es Castell,28.0,19.0,9.0,0.0
30,2020-11-06,0,total-menorca,604.0,484.0,107.0,14.0
30,2020-11-06,07052,Sant Lluís,35.0,29.0,5.0,1.0
30,2020-11-06,07902,Es Migjorn Gran,2.0,2.0,0.0,0.0
30,2020-11-06,07023,Ferreries,4.0,3.0,1.0,0.0
30,2020-11-06,07032,Maó,183.0,146.0,32.0,6.0
30,2020-11-06,07037,Es Mercadal,28.0,24.0,0.0,4.0
30,2020-11-06,07015,Ciutadella de Menorca,285.0,234.0,48.0,3.0
31,2020-11-07,07064,Es Castell,28.0,19.0,9.0,0.0
31,2020-11-07,07023,Ferreries,4.0,3.0,1.0,0.0
31,2020-11-07,07037,Es Mercadal,28.0,24.0,0.0,4.0
31,2020-11-07,07902,Es Migjorn Gran,2.0,2.0,0.0,0.0
31,2020-11-07,07015,Ciutadella de Menorca,285.0,234.0,48.0,3.0
31,2020-11-07,07052,Sant Lluís,35.0,29.0,5.0,1.0
31,2020-11-07,0,total-menorca,604.0,484.0,107.0,14.0
31,2020-11-07,07002,Alaior,39.0,27.0,12.0,0.0
31,2020-11-07,07032,Maó,183.0,146.0,32.0,6.0
32,2020-11-08,07032,Maó,187.0,150.0,32.0,6.0
32,2020-11-08,07015,Ciutadella de Menorca,290.0,241.0,46.0,3.0
32,2020-11-08,07052,Sant Lluís,35.0,29.0,5.0,1.0
32,2020-11-08,07064,Es Castell,30.0,22.0,8.0,0.0
32,2020-11-08,07002,Alaior,41.0,29.0,12.0,0.0
32,2020-11-08,07023,Ferreries,4.0,3.0,1.0,0.0
32,2020-11-08,07037,Es Mercadal,28.0,24.0,0.0,4.0
32,2020-11-08,07902,Es Migjorn Gran,2.0,2.0,0.0,0.0
32,2020-11-08,0,total-menorca,617.0,500.0,104.0,14.0
33,2020-11-09,07052,Sant Lluís,35.0,29.0,5.0,1.0
33,2020-11-09,07023,Ferreries,4.0,3.0,1.0,0.0
33,2020-11-09,07032,Maó,194.0,153.0,36.0,6.0
33,2020-11-09,07902,Es Migjorn Gran,2.0,2.0,0.0,0.0
33,2020-11-09,07002,Alaior,42.0,29.0,13.0,0.0
33,2020-11-09,07064,Es Castell,32.0,22.0,10.0,0.0
33,2020-11-09,07015,Ciutadella de Menorca,291.0,243.0,45.0,3.0
33,2020-11-09,0,total-menorca,628.0,505.0,110.0,14.0
33,2020-11-09,07037,Es Mercadal,28.0,24.0,0.0,4.0
34,2020-11-10,0,total-menorca,632.0,508.0,111.0,14.0
34,2020-11-10,07902,Es Migjorn Gran,2.0,2.0,0.0,0.0
34,2020-11-10,07002,Alaior,42.0,30.0,12.0,0.0
34,2020-11-10,07023,Ferreries,5.0,3.0,2.0,0.0
34,2020-11-10,07052,Sant Lluís,35.0,30.0,4.0,1.0
34,2020-11-10,07064,Es Castell,34.0,22.0,12.0,0.0
34,2020-11-10,07032,Maó,195.0,155.0,35.0,6.0
34,2020-11-10,07015,Ciutadella de Menorca,291.0,242.0,46.0,3.0
34,2020-11-10,07037,Es Mercadal,28.0,24.0,0.0,4.0
35,2020-11-11,07037,Es Mercadal,28.0,24.0,0.0,4.0
35,2020-11-11,07064,Es Castell,38.0,22.0,16.0,0.0
35,2020-11-11,07032,Maó,200.0,154.0,41.0,6.0
35,2020-11-11,0,total-menorca,646.0,509.0,124.0,14.0
35,2020-11-11,07023,Ferreries,5.0,3.0,2.0,0.0
35,2020-11-11,07902,Es Migjorn Gran,2.0,2.0,0.0,0.0
35,2020-11-11,07052,Sant Lluís,35.0,30.0,4.0,1.0
35,2020-11-11,07002,Alaior,46.0,30.0,16.0,0.0
35,2020-11-11,07015,Ciutadella de Menorca,292.0,244.0,45.0,3.0
36,2020-11-12,07002,Alaior,50.0,30.0,20.0,0.0
36,2020-11-12,0,total-menorca,655.0,517.0,125.0,14.0
36,2020-11-12,07032,Maó,203.0,161.0,37.0,6.0
36,2020-11-12,07015,Ciutadella de Menorca,294.0,245.0,46.0,3.0
36,2020-11-12,07902,Es Migjorn Gran,2.0,2.0,0.0,0.0
36,2020-11-12,07023,Ferreries,5.0,3.0,2.0,0.0
36,2020-11-12,07064,Es Castell,38.0,22.0,16.0,0.0
36,2020-11-12,07037,Es Mercadal,28.0,24.0,0.0,4.0
36,2020-11-12,07052,Sant Lluís,35.0,30.0,4.0,1.0
37,2020-11-13,07037,Es Mercadal,28.0,24.0,0.0,4.0
37,2020-11-13,07064,Es Castell,38.0,22.0,16.0,0.0
37,2020-11-13,07015,Ciutadella de Menorca,294.0,245.0,46.0,3.0
37,2020-11-13,07902,Es Migjorn Gran,2.0,2.0,0.0,0.0
37,2020-11-13,07052,Sant Lluís,35.0,30.0,4.0,1.0
37,2020-11-13,07002,Alaior,50.0,30.0,20.0,0.0
37,2020-11-13,07032,Maó,203.0,161.0,37.0,6.0
37,2020-11-13,07023,Ferreries,5.0,3.0,2.0,0.0
37,2020-11-13,0,total-menorca,655.0,517.0,125.0,14.0
38,2020-11-14,0,total-menorca,655.0,517.0,125.0,14.0
38,2020-11-14,07064,Es Castell,38.0,22.0,16.0,0.0
38,2020-11-14,07002,Alaior,50.0,30.0,20.0,0.0
38,2020-11-14,07023,Ferreries,5.0,3.0,2.0,0.0
38,2020-11-14,07052,Sant Lluís,35.0,30.0,4.0,1.0
38,2020-11-14,07902,Es Migjorn Gran,2.0,2.0,0.0,0.0
38,2020-11-14,07015,Ciutadella de Menorca,294.0,245.0,46.0,3.0
38,2020-11-14,07037,Es Mercadal,28.0,24.0,0.0,4.0
38,2020-11-14,07032,Maó,203.0,161.0,37.0,6.0
39,2020-11-15,0,total-menorca,678.0,527.0,137.0,14.0
39,2020-11-15,07064,Es Castell,42.0,23.0,18.0,0.0
39,2020-11-15,07902,Es Migjorn Gran,2.0,2.0,0.0,0.0
39,2020-11-15,07052,Sant Lluís,37.0,30.0,6.0,1.0
39,2020-11-15,07032,Maó,208.0,164.0,39.0,6.0
39,2020-11-15,07023,Ferreries,5.0,4.0,1.0,0.0
39,2020-11-15,07015,Ciutadella de Menorca,299.0,249.0,47.0,3.0
39,2020-11-15,07002,Alaior,57.0,31.0,26.0,0.0
39,2020-11-15,07037,Es Mercadal,28.0,24.0,0.0,4.0
40,2020-11-16,07015,Ciutadella de Menorca,300.0,250.0,47.0,3.0
40,2020-11-16,07023,Ferreries,5.0,4.0,1.0,0.0
40,2020-11-16,07064,Es Castell,42.0,24.0,17.0,0.0
40,2020-11-16,07052,Sant Lluís,37.0,31.0,5.0,1.0
40,2020-11-16,07032,Maó,209.0,164.0,40.0,6.0
40,2020-11-16,0,total-menorca,696.0,530.0,152.0,14.0
40,2020-11-16,07002,Alaior,73.0,31.0,42.0,0.0
40,2020-11-16,07037,Es Mercadal,28.0,24.0,0.0,4.0
40,2020-11-16,07902,Es Migjorn Gran,2.0,2.0,0.0,0.0
41,2020-11-17,07052,Sant Lluís,37.0,31.0,5.0,1.0
41,2020-11-17,0,total-menorca,698.0,546.0,139.0,14.0
41,2020-11-17,07002,Alaior,73.0,37.0,36.0,0.0
41,2020-11-17,07037,Es Mercadal,28.0,24.0,0.0,4.0
41,2020-11-17,07064,Es Castell,42.0,25.0,17.0,0.0
41,2020-11-17,07015,Ciutadella de Menorca,302.0,254.0,45.0,3.0
41,2020-11-17,07902,Es Migjorn Gran,2.0,2.0,0.0,0.0
41,2020-11-17,07023,Ferreries,5.0,4.0,1.0,0.0
41,2020-11-17,07032,Maó,209.0,169.0,35.0,6.0
42,2020-11-18,07064,Es Castell,43.0,27.0,16.0,0.0
42,2020-11-18,07902,Es Migjorn Gran,2.0,2.0,0.0,0.0
42,2020-11-18,07002,Alaior,75.0,37.0,38.0,0.0
42,2020-11-18,07015,Ciutadella de Menorca,303.0,257.0,43.0,3.0
42,2020-11-18,0,total-menorca,705.0,553.0,139.0,14.0
42,2020-11-18,07023,Ferreries,5.0,4.0,1.0,0.0
42,2020-11-18,07037,Es Mercadal,28.0,24.0,0.0,4.0
42,2020-11-18,07052,Sant Lluís,37.0,31.0,5.0,1.0
42,2020-11-18,07032,Maó,212.0,171.0,36.0,6.0
43,2020-11-19,07015,Ciutadella de Menorca,303.0,258.0,42.0,3.0
43,2020-11-19,0,total-menorca,711.0,557.0,141.0,14.0
43,2020-11-19,07023,Ferreries,5.0,4.0,1.0,0.0
43,2020-11-19,07037,Es Mercadal,28.0,24.0,0.0,4.0
43,2020-11-19,07052,Sant Lluís,38.0,31.0,6.0,1.0
43,2020-11-19,07032,Maó,213.0,173.0,35.0,6.0
43,2020-11-19,07002,Alaior,78.0,38.0,40.0,0.0
43,2020-11-19,07902,Es Migjorn Gran,2.0,2.0,0.0,0.0
43,2020-11-19,07064,Es Castell,44.0,27.0,17.0,0.0
44,2020-11-20,07015,Ciutadella de Menorca,303.0,258.0,42.0,3.0
44,2020-11-20,07032,Maó,213.0,173.0,35.0,6.0
44,2020-11-20,0,total-menorca,711.0,557.0,141.0,14.0
44,2020-11-20,07002,Alaior,78.0,38.0,40.0,0.0
44,2020-11-20,07902,Es Migjorn Gran,2.0,2.0,0.0,0.0
44,2020-11-20,07064,Es Castell,44.0,27.0,17.0,0.0
44,2020-11-20,07052,Sant Lluís,38.0,31.0,6.0,1.0
44,2020-11-20,07023,Ferreries,5.0,4.0,1.0,0.0
44,2020-11-20,07037,Es Mercadal,28.0,24.0,0.0,4.0
45,2020-11-21,07023,Ferreries,5.0,4.0,1.0,0.0
45,2020-11-21,07902,Es Migjorn Gran,2.0,2.0,0.0,0.0
45,2020-11-21,07032,Maó,213.0,173.0,35.0,6.0
45,2020-11-21,07052,Sant Lluís,38.0,31.0,6.0,1.0
45,2020-11-21,07064,Es Castell,44.0,27.0,17.0,0.0
45,2020-11-21,07015,Ciutadella de Menorca,303.0,258.0,42.0,3.0
45,2020-11-21,07002,Alaior,78.0,38.0,40.0,0.0
45,2020-11-21,07037,Es Mercadal,28.0,24.0,0.0,4.0
45,2020-11-21,0,total-menorca,711.0,557.0,141.0,14.0
46,2020-11-22,07902,Es Migjorn Gran,2.0,2.0,0.0,0.0
46,2020-11-22,0,total-menorca,718.0,580.0,125.0,14.0
46,2020-11-22,07037,Es Mercadal,28.0,24.0,0.0,4.0
46,2020-11-22,07052,Sant Lluís,38.0,31.0,6.0,1.0
46,2020-11-22,07064,Es Castell,44.0,32.0,12.0,0.0
46,2020-11-22,07032,Maó,213.0,182.0,26.0,6.0
46,2020-11-22,07023,Ferreries,6.0,5.0,1.0,0.0
46,2020-11-22,07002,Alaior,82.0,42.0,40.0,0.0
46,2020-11-22,07015,Ciutadella de Menorca,305.0,262.0,40.0,3.0
47,2020-11-23,07002,Alaior,82.0,42.0,40.0,0.0
47,2020-11-23,07032,Maó,213.0,182.0,26.0,6.0
47,2020-11-23,07023,Ferreries,6.0,5.0,1.0,0.0
47,2020-11-23,0,total-menorca,718.0,580.0,125.0,14.0
47,2020-11-23,07902,Es Migjorn Gran,2.0,2.0,0.0,0.0
47,2020-11-23,07052,Sant Lluís,38.0,31.0,6.0,1.0
47,2020-11-23,07015,Ciutadella de Menorca,305.0,262.0,40.0,3.0
47,2020-11-23,07037,Es Mercadal,28.0,24.0,0.0,4.0
47,2020-11-23,07064,Es Castell,44.0,32.0,12.0,0.0
48,2020-11-24,07064,Es Castell,44.0,32.0,12.0,0.0
48,2020-11-24,07002,Alaior,82.0,42.0,40.0,0.0
48,2020-11-24,07015,Ciutadella de Menorca,305.0,262.0,40.0,3.0
48,2020-11-24,07032,Maó,213.0,182.0,26.0,6.0
48,2020-11-24,07052,Sant Lluís,38.0,31.0,6.0,1.0
48,2020-11-24,07902,Es Migjorn Gran,2.0,2.0,0.0,0.0
48,2020-11-24,0,total-menorca,718.0,580.0,125.0,14.0
48,2020-11-24,07037,Es Mercadal,28.0,24.0,0.0,4.0
48,2020-11-24,07023,Ferreries,6.0,5.0,1.0,0.0
49,2020-11-25,07002,Alaior,82.0,42.0,40.0,0.0
49,2020-11-25,07037,Es Mercadal,28.0,24.0,0.0,4.0
49,2020-11-25,0,total-menorca,718.0,580.0,125.0,14.0
49,2020-11-25,07902,Es Migjorn Gran,2.0,2.0,0.0,0.0
49,2020-11-25,07052,Sant Lluís,38.0,31.0,6.0,1.0
49,2020-11-25,07015,Ciutadella de Menorca,305.0,262.0,40.0,3.0
49,2020-11-25,07064,Es Castell,44.0,32.0,12.0,0.0
49,2020-11-25,07023,Ferreries,6.0,5.0,1.0,0.0
49,2020-11-25,07032,Maó,213.0,182.0,26.0,6.0
50,2020-11-26,07032,Maó,213.0,182.0,26.0,6.0
50,2020-11-26,07052,Sant Lluís,38.0,31.0,6.0,1.0
50,2020-11-26,07015,Ciutadella de Menorca,305.0,262.0,40.0,3.0
50,2020-11-26,07037,Es Mercadal,28.0,24.0,0.0,4.0
50,2020-11-26,07023,Ferreries,6.0,5.0,1.0,0.0
50,2020-11-26,07902,Es Migjorn Gran,2.0,2.0,0.0,0.0
50,2020-11-26,0,total-menorca,718.0,580.0,125.0,14.0
50,2020-11-26,07064,Es Castell,44.0,32.0,12.0,0.0
50,2020-11-26,07002,Alaior,82.0,42.0,40.0,0.0
51,2020-11-27,07015,Ciutadella de Menorca,305.0,262.0,40.0,3.0
51,2020-11-27,07902,Es Migjorn Gran,2.0,2.0,0.0,0.0
51,2020-11-27,07052,Sant Lluís,38.0,31.0,6.0,1.0
51,2020-11-27,07023,Ferreries,6.0,5.0,1.0,0.0
51,2020-11-27,07002,Alaior,82.0,42.0,40.0,0.0
51,2020-11-27,0,total-menorca,718.0,580.0,125.0,14.0
51,2020-11-27,07032,Maó,213.0,182.0,26.0,6.0
51,2020-11-27,07037,Es Mercadal,28.0,24.0,0.0,4.0
51,2020-11-27,07064,Es Castell,44.0,32.0,12.0,0.0
52,2020-11-28,07902,Es Migjorn Gran,2.0,2.0,0.0,0.0
52,2020-11-28,0,total-menorca,718.0,580.0,125.0,14.0
52,2020-11-28,07023,Ferreries,6.0,5.0,1.0,0.0
52,2020-11-28,07052,Sant Lluís,38.0,31.0,6.0,1.0
52,2020-11-28,07064,Es Castell,44.0,32.0,12.0,0.0
52,2020-11-28,07032,Maó,213.0,182.0,26.0,6.0
52,2020-11-28,07015,Ciutadella de Menorca,305.0,262.0,40.0,3.0
52,2020-11-28,07002,Alaior,82.0,42.0,40.0,0.0
52,2020-11-28,07037,Es Mercadal,28.0,24.0,0.0,4.0
53,2020-11-29,07052,Sant Lluís,38.0,33.0,4.0,1.0
53,2020-11-29,07902,Es Migjorn Gran,2.0,2.0,0.0,0.0
53,2020-11-29,07032,Maó,223.0,191.0,27.0,6.0
53,2020-11-29,07023,Ferreries,6.0,6.0,0.0,0.0
53,2020-11-29,07002,Alaior,85.0,63.0,22.0,0.0
53,2020-11-29,07064,Es Castell,59.0,37.0,22.0,0.0
53,2020-11-29,07037,Es Mercadal,29.0,24.0,1.0,4.0
53,2020-11-29,0,total-menorca,763.0,626.0,124.0,14.0
53,2020-11-29,07015,Ciutadella de Menorca,321.0,270.0,48.0,3.0
54,2020-11-30,07023,Ferreries,6.0,6.0,0.0,0.0
54,2020-11-30,07064,Es Castell,59.0,39.0,20.0,0.0
54,2020-11-30,07902,Es Migjorn Gran,2.0,2.0,0.0,0.0
54,2020-11-30,0,total-menorca,777.0,630.0,134.0,14.0
54,2020-11-30,07037,Es Mercadal,30.0,24.0,2.0,4.0
54,2020-11-30,07052,Sant Lluís,40.0,33.0,6.0,1.0
54,2020-11-30,07002,Alaior,85.0,63.0,22.0,0.0
54,2020-11-30,07032,Maó,234.0,192.0,37.0,6.0
54,2020-11-30,07015,Ciutadella de Menorca,321.0,271.0,47.0,3.0
55,2020-12-01,07902,Es Migjorn Gran,2.0,2.0,0.0,0.0
55,2020-12-01,07064,Es Castell,59.0,39.0,20.0,0.0
55,2020-12-01,0,total-menorca,784.0,631.0,140.0,14.0
55,2020-12-01,07037,Es Mercadal,30.0,24.0,2.0,4.0
55,2020-12-01,07052,Sant Lluís,40.0,33.0,6.0,1.0
55,2020-12-01,07002,Alaior,85.0,64.0,21.0,0.0
55,2020-12-01,07023,Ferreries,6.0,6.0,0.0,0.0
55,2020-12-01,07015,Ciutadella de Menorca,325.0,271.0,51.0,3.0
55,2020-12-01,07032,Maó,237.0,192.0,40.0,6.0
56,2020-12-02,0,total-menorca,799.0,636.0,150.0,14.0
56,2020-12-02,07002,Alaior,88.0,66.0,22.0,0.0
56,2020-12-02,07023,Ferreries,6.0,6.0,0.0,0.0
56,2020-12-02,07064,Es Castell,59.0,40.0,19.0,0.0
56,2020-12-02,07015,Ciutadella de Menorca,327.0,271.0,53.0,3.0
56,2020-12-02,07052,Sant Lluís,41.0,33.0,7.0,1.0
56,2020-12-02,07902,Es Migjorn Gran,2.0,2.0,0.0,0.0
56,2020-12-02,07037,Es Mercadal,30.0,24.0,2.0,4.0
56,2020-12-02,07032,Maó,246.0,194.0,47.0,6.0
57,2020-12-03,07037,Es Mercadal,30.0,24.0,2.0,4.0
57,2020-12-03,07023,Ferreries,6.0,6.0,0.0,0.0
57,2020-12-03,07015,Ciutadella de Menorca,328.0,274.0,51.0,3.0
57,2020-12-03,07052,Sant Lluís,41.0,34.0,6.0,1.0
57,2020-12-03,07902,Es Migjorn Gran,2.0,2.0,0.0,0.0
57,2020-12-03,07032,Maó,249.0,196.0,48.0,6.0
57,2020-12-03,07002,Alaior,89.0,68.0,21.0,0.0
57,2020-12-03,07064,Es Castell,59.0,41.0,18.0,0.0
57,2020-12-03,0,total-menorca,804.0,645.0,146.0,14.0
58,2020-12-04,07023,Ferreries,6.0,6.0,0.0,0.0
58,2020-12-04,07015,Ciutadella de Menorca,328.0,274.0,51.0,3.0
58,2020-12-04,07064,Es Castell,59.0,41.0,18.0,0.0
58,2020-12-04,0,total-menorca,804.0,645.0,146.0,14.0
58,2020-12-04,07052,Sant Lluís,41.0,34.0,6.0,1.0
58,2020-12-04,07002,Alaior,89.0,68.0,21.0,0.0
58,2020-12-04,07037,Es Mercadal,30.0,24.0,2.0,4.0
58,2020-12-04,07032,Maó,249.0,196.0,48.0,6.0
58,2020-12-04,07902,Es Migjorn Gran,2.0,2.0,0.0,0.0
59,2020-12-05,07032,Maó,249.0,196.0,48.0,6.0
59,2020-12-05,07902,Es Migjorn Gran,2.0,2.0,0.0,0.0
59,2020-12-05,07015,Ciutadella de Menorca,328.0,274.0,51.0,3.0
59,2020-12-05,07052,Sant Lluís,41.0,34.0,6.0,1.0
59,2020-12-05,0,total-menorca,804.0,645.0,146.0,14.0
59,2020-12-05,07037,Es Mercadal,30.0,24.0,2.0,4.0
59,2020-12-05,07064,Es Castell,59.0,41.0,18.0,0.0
59,2020-12-05,07023,Ferreries,6.0,6.0,0.0,0.0
59,2020-12-05,07002,Alaior,89.0,68.0,21.0,0.0
60,2020-12-06,07032,Maó,249.0,196.0,48.0,6.0
60,2020-12-06,07064,Es Castell,59.0,41.0,18.0,0.0
60,2020-12-06,07023,Ferreries,6.0,6.0,0.0,0.0
60,2020-12-06,0,total-menorca,804.0,645.0,146.0,14.0
60,2020-12-06,07037,Es Mercadal,30.0,24.0,2.0,4.0
60,2020-12-06,07902,Es Migjorn Gran,2.0,2.0,0.0,0.0
60,2020-12-06,07052,Sant Lluís,41.0,34.0,6.0,1.0
60,2020-12-06,07015,Ciutadella de Menorca,328.0,274.0,51.0,3.0
60,2020-12-06,07002,Alaior,89.0,68.0,21.0,0.0
61,2020-12-07,07032,Maó,249.0,196.0,48.0,6.0
61,2020-12-07,07037,Es Mercadal,30.0,24.0,2.0,4.0
61,2020-12-07,07002,Alaior,89.0,68.0,21.0,0.0
61,2020-12-07,07064,Es Castell,59.0,41.0,18.0,0.0
61,2020-12-07,07052,Sant Lluís,41.0,34.0,6.0,1.0
61,2020-12-07,07015,Ciutadella de Menorca,328.0,274.0,51.0,3.0
61,2020-12-07,0,total-menorca,804.0,645.0,146.0,14.0
61,2020-12-07,07023,Ferreries,6.0,6.0,0.0,0.0
61,2020-12-07,07902,Es Migjorn Gran,2.0,2.0,0.0,0.0
62,2020-12-08,07902,Es Migjorn Gran,2.0,2.0,0.0,0.0
62,2020-12-08,07052,Sant Lluís,44.0,36.0,7.0,1.0
62,2020-12-08,0,total-menorca,870.0,677.0,180.0,14.0
62,2020-12-08,07023,Ferreries,6.0,6.0,0.0,0.0
62,2020-12-08,07037,Es Mercadal,30.0,24.0,2.0,4.0
62,2020-12-08,07032,Maó,268.0,207.0,56.0,6.0
62,2020-12-08,07015,Ciutadella de Menorca,338.0,283.0,52.0,3.0
62,2020-12-08,07064,Es Castell,61.0,49.0,12.0,0.0
62,2020-12-08,07002,Alaior,121.0,70.0,51.0,0.0
63,2020-12-09,07032,Maó,271.0,209.0,57.0,6.0
63,2020-12-09,0,total-menorca,879.0,685.0,181.0,14.0
63,2020-12-09,07902,Es Migjorn Gran,2.0,2.0,0.0,0.0
63,2020-12-09,07023,Ferreries,7.0,6.0,1.0,0.0
63,2020-12-09,07037,Es Mercadal,30.0,25.0,1.0,4.0
63,2020-12-09,07015,Ciutadella de Menorca,338.0,285.0,50.0,3.0
63,2020-12-09,07002,Alaior,122.0,71.0,51.0,0.0
63,2020-12-09,07064,Es Castell,63.0,51.0,12.0,0.0
63,2020-12-09,07052,Sant Lluís,46.0,36.0,9.0,1.0
64,2020-12-10,07037,Es Mercadal,31.0,25.0,2.0,4.0
64,2020-12-10,07015,Ciutadella de Menorca,338.0,285.0,50.0,3.0
64,2020-12-10,07023,Ferreries,7.0,6.0,1.0,0.0
64,2020-12-10,07902,Es Migjorn Gran,2.0,2.0,0.0,0.0
64,2020-12-10,07064,Es Castell,64.0,51.0,13.0,0.0
64,2020-12-10,07052,Sant Lluís,47.0,36.0,10.0,1.0
64,2020-12-10,0,total-menorca,884.0,687.0,184.0,14.0
64,2020-12-10,07032,Maó,272.0,210.0,57.0,6.0
64,2020-12-10,07002,Alaior,123.0,72.0,51.0,0.0
65,2020-12-11,07002,Alaior,123.0,72.0,51.0,0.0
65,2020-12-11,07064,Es Castell,64.0,51.0,13.0,0.0
65,2020-12-11,07037,Es Mercadal,31.0,25.0,2.0,4.0
65,2020-12-11,07052,Sant Lluís,47.0,36.0,10.0,1.0
65,2020-12-11,07032,Maó,272.0,210.0,57.0,6.0
65,2020-12-11,07023,Ferreries,7.0,6.0,1.0,0.0
65,2020-12-11,07015,Ciutadella de Menorca,338.0,285.0,50.0,3.0
65,2020-12-11,0,total-menorca,884.0,687.0,184.0,14.0
65,2020-12-11,07902,Es Migjorn Gran,2.0,2.0,0.0,0.0
66,2020-12-12,07037,Es Mercadal,31.0,25.0,2.0,4.0
66,2020-12-12,07023,Ferreries,7.0,6.0,1.0,0.0
66,2020-12-12,07902,Es Migjorn Gran,2.0,2.0,0.0,0.0
66,2020-12-12,07064,Es Castell,64.0,51.0,13.0,0.0
66,2020-12-12,07032,Maó,272.0,210.0,57.0,6.0
66,2020-12-12,0,total-menorca,884.0,687.0,184.0,14.0
66,2020-12-12,07002,Alaior,123.0,72.0,51.0,0.0
66,2020-12-12,07052,Sant Lluís,47.0,36.0,10.0,1.0
66,2020-12-12,07015,Ciutadella de Menorca,338.0,285.0,50.0,3.0
67,2020-12-13,0,total-menorca,899.0,703.0,183.0,14.0
67,2020-12-13,07902,Es Migjorn Gran,5.0,2.0,3.0,0.0
67,2020-12-13,07015,Ciutadella de Menorca,339.0,290.0,46.0,3.0
67,2020-12-13,07002,Alaior,132.0,72.0,60.0,0.0
67,2020-12-13,07052,Sant Lluís,47.0,36.0,10.0,1.0
67,2020-12-13,07064,Es Castell,64.0,52.0,12.0,0.0
67,2020-12-13,07032,Maó,273.0,220.0,48.0,6.0
67,2020-12-13,07023,Ferreries,7.0,6.0,1.0,0.0
67,2020-12-13,07037,Es Mercadal,32.0,25.0,3.0,4.0
68,2020-12-14,07015,Ciutadella de Menorca,339.0,292.0,44.0,3.0
68,2020-12-14,07052,Sant Lluís,47.0,37.0,9.0,1.0
68,2020-12-14,07064,Es Castell,68.0,53.0,15.0,0.0
68,2020-12-14,0,total-menorca,909.0,709.0,187.0,14.0
68,2020-12-14,07002,Alaior,136.0,73.0,63.0,0.0
68,2020-12-14,07023,Ferreries,7.0,6.0,1.0,0.0
68,2020-12-14,07032,Maó,275.0,221.0,49.0,6.0
68,2020-12-14,07037,Es Mercadal,32.0,25.0,3.0,4.0
68,2020-12-14,07902,Es Migjorn Gran,5.0,2.0,3.0,0.0
69,2020-12-15,07023,Ferreries,7.0,6.0,1.0,0.0
69,2020-12-15,07015,Ciutadella de Menorca,341.0,299.0,39.0,3.0
69,2020-12-15,07064,Es Castell,68.0,54.0,14.0,0.0
69,2020-12-15,07902,Es Migjorn Gran,5.0,2.0,3.0,0.0
69,2020-12-15,0,total-menorca,916.0,726.0,177.0,14.0
69,2020-12-15,07032,Maó,278.0,226.0,47.0,6.0
69,2020-12-15,07037,Es Mercadal,32.0,25.0,3.0,4.0
69,2020-12-15,07002,Alaior,138.0,76.0,62.0,0.0
69,2020-12-15,07052,Sant Lluís,47.0,38.0,8.0,1.0
70,2020-12-16,0,total-menorca,924.0,735.0,175.0,15.0
70,2020-12-16,07002,Alaior,140.0,79.0,61.0,0.0
70,2020-12-16,07902,Es Migjorn Gran,5.0,2.0,3.0,0.0
70,2020-12-16,07032,Maó,281.0,231.0,44.0,7.0
70,2020-12-16,07064,Es Castell,71.0,55.0,16.0,0.0
70,2020-12-16,07037,Es Mercadal,32.0,25.0,3.0,4.0
70,2020-12-16,07015,Ciutadella de Menorca,341.0,299.0,39.0,3.0
70,2020-12-16,07023,Ferreries,7.0,6.0,1.0,0.0
70,2020-12-16,07052,Sant Lluís,47.0,38.0,8.0,1.0
71,2020-12-17,07002,Alaior,140.0,98.0,42.0,0.0
71,2020-12-17,07032,Maó,302.0,236.0,60.0,7.0
71,2020-12-17,07064,Es Castell,78.0,56.0,22.0,0.0
71,2020-12-17,07037,Es Mercadal,33.0,25.0,4.0,4.0
71,2020-12-17,07052,Sant Lluís,49.0,39.0,9.0,1.0
71,2020-12-17,0,total-menorca,955.0,762.0,179.0,15.0
71,2020-12-17,07015,Ciutadella de Menorca,341.0,300.0,38.0,3.0
71,2020-12-17,07023,Ferreries,7.0,6.0,1.0,0.0
71,2020-12-17,07902,Es Migjorn Gran,5.0,2.0,3.0,0.0
72,2020-12-18,07015,Ciutadella de Menorca,341.0,300.0,38.0,3.0
72,2020-12-18,07037,Es Mercadal,33.0,25.0,4.0,4.0
72,2020-12-18,07023,Ferreries,7.0,6.0,1.0,0.0
72,2020-12-18,07002,Alaior,140.0,98.0,42.0,0.0
72,2020-12-18,0,total-menorca,955.0,762.0,179.0,15.0
72,2020-12-18,07902,Es Migjorn Gran,5.0,2.0,3.0,0.0
72,2020-12-18,07052,Sant Lluís,49.0,39.0,9.0,1.0
72,2020-12-18,07032,Maó,302.0,236.0,60.0,7.0
72,2020-12-18,07064,Es Castell,78.0,56.0,22.0,0.0
73,2020-12-19,07064,Es Castell,78.0,56.0,22.0,0.0
73,2020-12-19,07052,Sant Lluís,49.0,39.0,9.0,1.0
73,2020-12-19,07902,Es Migjorn Gran,5.0,2.0,3.0,0.0
73,2020-12-19,07015,Ciutadella de Menorca,341.0,300.0,38.0,3.0
73,2020-12-19,07032,Maó,302.0,236.0,60.0,7.0
73,2020-12-19,07002,Alaior,140.0,98.0,42.0,0.0
73,2020-12-19,0,total-menorca,955.0,762.0,179.0,15.0
73,2020-12-19,07023,Ferreries,7.0,6.0,1.0,0.0
73,2020-12-19,07037,Es Mercadal,33.0,25.0,4.0,4.0
74,2020-12-20,07052,Sant Lluís,49.0,40.0,8.0,1.0
74,2020-12-20,07015,Ciutadella de Menorca,341.0,306.0,32.0,3.0
74,2020-12-20,07032,Maó,305.0,237.0,62.0,7.0
74,2020-12-20,07023,Ferreries,7.0,7.0,0.0,0.0
74,2020-12-20,07002,Alaior,143.0,110.0,33.0,0.0
74,2020-12-20,07902,Es Migjorn Gran,5.0,2.0,3.0,0.0
74,2020-12-20,07064,Es Castell,79.0,56.0,23.0,0.0
74,2020-12-20,07037,Es Mercadal,33.0,25.0,4.0,4.0
74,2020-12-20,0,total-menorca,962.0,783.0,165.0,15.0
75,2020-12-21,07032,Maó,307.0,241.0,60.0,7.0
75,2020-12-21,07902,Es Migjorn Gran,5.0,2.0,3.0,0.0
75,2020-12-21,07064,Es Castell,79.0,56.0,23.0,0.0
75,2020-12-21,07052,Sant Lluís,49.0,41.0,7.0,1.0
75,2020-12-21,07023,Ferreries,7.0,7.0,0.0,0.0
75,2020-12-21,07015,Ciutadella de Menorca,341.0,306.0,32.0,3.0
75,2020-12-21,07002,Alaior,143.0,114.0,29.0,0.0
75,2020-12-21,0,total-menorca,964.0,792.0,158.0,15.0
75,2020-12-21,07037,Es Mercadal,33.0,25.0,4.0,4.0
76,2020-12-22,07002,Alaior,144.0,116.0,28.0,0.0
76,2020-12-22,07023,Ferreries,7.0,7.0,0.0,0.0
76,2020-12-22,07015,Ciutadella de Menorca,342.0,307.0,32.0,3.0
76,2020-12-22,0,total-menorca,972.0,801.0,157.0,15.0
76,2020-12-22,07037,Es Mercadal,34.0,25.0,5.0,4.0
76,2020-12-22,07052,Sant Lluís,49.0,41.0,7.0,1.0
76,2020-12-22,07902,Es Migjorn Gran,6.0,2.0,4.0,0.0
76,2020-12-22,07064,Es Castell,79.0,60.0,19.0,0.0
76,2020-12-22,07032,Maó,311.0,243.0,62.0,7.0
77,2020-12-23,07015,Ciutadella de Menorca,342.0,307.0,32.0,3.0
77,2020-12-23,07037,Es Mercadal,34.0,25.0,5.0,4.0
77,2020-12-23,07052,Sant Lluís,49.0,41.0,7.0,1.0
77,2020-12-23,07902,Es Migjorn Gran,6.0,2.0,4.0,0.0
77,2020-12-23,07032,Maó,311.0,243.0,62.0,7.0
77,2020-12-23,0,total-menorca,972.0,801.0,157.0,15.0
77,2020-12-23,07064,Es Castell,79.0,60.0,19.0,0.0
77,2020-12-23,07023,Ferreries,7.0,7.0,0.0,0.0
77,2020-12-23,07002,Alaior,144.0,116.0,28.0,0.0
78,2020-12-24,07902,Es Migjorn Gran,6.0,2.0,4.0,0.0
78,2020-12-24,07023,Ferreries,7.0,7.0,0.0,0.0
78,2020-12-24,07015,Ciutadella de Menorca,342.0,307.0,32.0,3.0
78,2020-12-24,07032,Maó,311.0,243.0,62.0,7.0
78,2020-12-24,07064,Es Castell,79.0,60.0,19.0,0.0
78,2020-12-24,07037,Es Mercadal,34.0,25.0,5.0,4.0
78,2020-12-24,07052,Sant Lluís,49.0,41.0,7.0,1.0
78,2020-12-24,07002,Alaior,144.0,116.0,28.0,0.0
78,2020-12-24,0,total-menorca,972.0,801.0,157.0,15.0
79,2020-12-25,07902,Es Migjorn Gran,6.0,2.0,4.0,0.0
79,2020-12-25,0,total-menorca,972.0,801.0,157.0,15.0
79,2020-12-25,07023,Ferreries,7.0,7.0,0.0,0.0
79,2020-12-25,07032,Maó,311.0,243.0,62.0,7.0
79,2020-12-25,07052,Sant Lluís,49.0,41.0,7.0,1.0
79,2020-12-25,07015,Ciutadella de Menorca,342.0,307.0,32.0,3.0
79,2020-12-25,07002,Alaior,144.0,116.0,28.0,0.0
79,2020-12-25,07064,Es Castell,79.0,60.0,19.0,0.0
79,2020-12-25,07037,Es Mercadal,34.0,25.0,5.0,4.0
80,2020-12-26,07023,Ferreries,7.0,7.0,0.0,0.0
80,2020-12-26,07015,Ciutadella de Menorca,342.0,307.0,32.0,3.0
80,2020-12-26,07002,Alaior,144.0,116.0,28.0,0.0
80,2020-12-26,07032,Maó,311.0,243.0,62.0,7.0
80,2020-12-26,07902,Es Migjorn Gran,6.0,2.0,4.0,0.0
80,2020-12-26,07064,Es Castell,79.0,60.0,19.0,0.0
80,2020-12-26,07052,Sant Lluís,49.0,41.0,7.0,1.0
80,2020-12-26,0,total-menorca,972.0,801.0,157.0,15.0
80,2020-12-26,07037,Es Mercadal,34.0,25.0,5.0,4.0
81,2020-12-27,07023,Ferreries,10.0,7.0,3.0,0.0
81,2020-12-27,07064,Es Castell,80.0,69.0,11.0,0.0
81,2020-12-27,07902,Es Migjorn Gran,6.0,5.0,1.0,0.0
81,2020-12-27,07052,Sant Lluís,49.0,41.0,7.0,1.0
81,2020-12-27,07015,Ciutadella de Menorca,361.0,309.0,49.0,3.0
81,2020-12-27,07032,Maó,314.0,249.0,59.0,7.0
81,2020-12-27,07037,Es Mercadal,35.0,27.0,4.0,4.0
81,2020-12-27,0,total-menorca,1009.0,831.0,164.0,15.0
81,2020-12-27,07002,Alaior,154.0,124.0,30.0,0.0
82,2020-12-28,07002,Alaior,157.0,124.0,33.0,0.0
82,2020-12-28,07015,Ciutadella de Menorca,361.0,311.0,47.0,3.0
82,2020-12-28,07064,Es Castell,80.0,70.0,10.0,0.0
82,2020-12-28,0,total-menorca,1018.0,847.0,157.0,15.0
82,2020-12-28,07032,Maó,318.0,261.0,51.0,7.0
82,2020-12-28,07037,Es Mercadal,36.0,27.0,5.0,4.0
82,2020-12-28,07902,Es Migjorn Gran,7.0,5.0,2.0,0.0
82,2020-12-28,07023,Ferreries,10.0,7.0,3.0,0.0
82,2020-12-28,07052,Sant Lluís,49.0,42.0,6.0,1.0
83,2020-12-29,0,total-menorca,1030.0,858.0,158.0,15.0
83,2020-12-29,07002,Alaior,157.0,125.0,32.0,0.0
83,2020-12-29,07902,Es Migjorn Gran,7.0,5.0,2.0,0.0
83,2020-12-29,07052,Sant Lluís,49.0,42.0,6.0,1.0
83,2020-12-29,07037,Es Mercadal,36.0,29.0,3.0,4.0
83,2020-12-29,07032,Maó,319.0,268.0,45.0,7.0
83,2020-12-29,07023,Ferreries,10.0,7.0,3.0,0.0
83,2020-12-29,07015,Ciutadella de Menorca,369.0,312.0,54.0,3.0
83,2020-12-29,07064,Es Castell,83.0,70.0,13.0,0.0
84,2020-12-30,07037,Es Mercadal,36.0,29.0,3.0,4.0
84,2020-12-30,07052,Sant Lluís,49.0,42.0,6.0,1.0
84,2020-12-30,07064,Es Castell,83.0,70.0,13.0,0.0
84,2020-12-30,07002,Alaior,157.0,125.0,32.0,0.0
84,2020-12-30,07023,Ferreries,10.0,7.0,3.0,0.0
84,2020-12-30,07015,Ciutadella de Menorca,369.0,312.0,54.0,3.0
84,2020-12-30,07902,Es Migjorn Gran,7.0,5.0,2.0,0.0
84,2020-12-30,07032,Maó,319.0,268.0,45.0,7.0
84,2020-12-30,0,total-menorca,1030.0,858.0,158.0,15.0
85,2020-12-31,07037,Es Mercadal,36.0,29.0,3.0,4.0
85,2020-12-31,07052,Sant Lluís,49.0,42.0,6.0,1.0
85,2020-12-31,07023,Ferreries,10.0,7.0,3.0,0.0
85,2020-12-31,07064,Es Castell,83.0,70.0,13.0,0.0
85,2020-12-31,0,total-menorca,1030.0,858.0,158.0,15.0
85,2020-12-31,07032,Maó,319.0,268.0,45.0,7.0
85,2020-12-31,07902,Es Migjorn Gran,7.0,5.0,2.0,0.0
85,2020-12-31,07015,Ciutadella de Menorca,369.0,312.0,54.0,3.0
85,2020-12-31,07002,Alaior,157.0,125.0,32.0,0.0
86,2021-01-01,0,total-menorca,1030.0,858.0,158.0,15.0
86,2021-01-01,07052,Sant Lluís,49.0,42.0,6.0,1.0
86,2021-01-01,07015,Ciutadella de Menorca,369.0,312.0,54.0,3.0
86,2021-01-01,07037,Es Mercadal,36.0,29.0,3.0,4.0
86,2021-01-01,07023,Ferreries,10.0,7.0,3.0,0.0
86,2021-01-01,07032,Maó,319.0,268.0,45.0,7.0
86,2021-01-01,07902,Es Migjorn Gran,7.0,5.0,2.0,0.0
86,2021-01-01,07064,Es Castell,83.0,70.0,13.0,0.0
86,2021-01-01,07002,Alaior,157.0,125.0,32.0,0.0
87,2021-01-02,07002,Alaior,157.0,125.0,32.0,0.0
87,2021-01-02,07037,Es Mercadal,36.0,29.0,3.0,4.0
87,2021-01-02,07064,Es Castell,83.0,70.0,13.0,0.0
87,2021-01-02,07015,Ciutadella de Menorca,369.0,312.0,54.0,3.0
87,2021-01-02,07902,Es Migjorn Gran,7.0,5.0,2.0,0.0
87,2021-01-02,07032,Maó,319.0,268.0,45.0,7.0
87,2021-01-02,07023,Ferreries,10.0,7.0,3.0,0.0
87,2021-01-02,0,total-menorca,1030.0,858.0,158.0,15.0
87,2021-01-02,07052,Sant Lluís,49.0,42.0,6.0,1.0
88,2021-01-03,07052,Sant Lluís,50.0,43.0,6.0,1.0
88,2021-01-03,0,total-menorca,1093.0,872.0,207.0,15.0
88,2021-01-03,07002,Alaior,169.0,128.0,41.0,0.0
88,2021-01-03,07064,Es Castell,87.0,70.0,17.0,0.0
88,2021-01-03,07037,Es Mercadal,43.0,29.0,10.0,4.0
88,2021-01-03,07902,Es Migjorn Gran,7.0,5.0,2.0,0.0
88,2021-01-03,07032,Maó,343.0,277.0,60.0,7.0
88,2021-01-03,07023,Ferreries,10.0,7.0,3.0,0.0
88,2021-01-03,07015,Ciutadella de Menorca,384.0,313.0,68.0,3.0
89,2021-01-04,0,total-menorca,1111.0,885.0,211.0,16.0
89,2021-01-04,07052,Sant Lluís,52.0,43.0,8.0,1.0
89,2021-01-04,07023,Ferreries,10.0,7.0,3.0,0.0
89,2021-01-04,07032,Maó,349.0,278.0,65.0,7.0
89,2021-01-04,07037,Es Mercadal,44.0,30.0,10.0,4.0
89,2021-01-04,07902,Es Migjorn Gran,7.0,6.0,1.0,0.0
89,2021-01-04,07064,Es Castell,87.0,71.0,15.0,1.0
89,2021-01-04,07002,Alaior,171.0,131.0,40.0,0.0
89,2021-01-04,07015,Ciutadella de Menorca,391.0,319.0,69.0,3.0
90,2021-01-05,07023,Ferreries,10.0,7.0,3.0,0.0
90,2021-01-05,07032,Maó,349.0,278.0,65.0,7.0
90,2021-01-05,07064,Es Castell,87.0,71.0,15.0,1.0
90,2021-01-05,07015,Ciutadella de Menorca,391.0,319.0,69.0,3.0
90,2021-01-05,07002,Alaior,171.0,131.0,40.0,0.0
90,2021-01-05,07037,Es Mercadal,44.0,30.0,10.0,4.0
90,2021-01-05,0,total-menorca,1111.0,885.0,211.0,16.0
90,2021-01-05,07052,Sant Lluís,52.0,43.0,8.0,1.0
90,2021-01-05,07902,Es Migjorn Gran,7.0,6.0,1.0,0.0
91,2021-01-06,07037,Es Mercadal,44.0,30.0,10.0,4.0
91,2021-01-06,0,total-menorca,1141.0,899.0,227.0,16.0
91,2021-01-06,07023,Ferreries,10.0,8.0,2.0,0.0
91,2021-01-06,07002,Alaior,178.0,134.0,44.0,0.0
91,2021-01-06,07015,Ciutadella de Menorca,403.0,326.0,74.0,3.0
91,2021-01-06,07064,Es Castell,91.0,72.0,18.0,1.0
91,2021-01-06,07052,Sant Lluís,52.0,43.0,8.0,1.0
91,2021-01-06,07902,Es Migjorn Gran,7.0,6.0,1.0,0.0
91,2021-01-06,07032,Maó,356.0,280.0,70.0,7.0
92,2021-01-07,07052,Sant Lluís,52.0,43.0,8.0,1.0
92,2021-01-07,07002,Alaior,185.0,139.0,46.0,0.0
92,2021-01-07,07032,Maó,374.0,283.0,85.0,7.0
92,2021-01-07,07015,Ciutadella de Menorca,405.0,326.0,76.0,3.0
92,2021-01-07,07037,Es Mercadal,46.0,30.0,12.0,4.0
92,2021-01-07,07902,Es Migjorn Gran,7.0,6.0,1.0,0.0
92,2021-01-07,07023,Ferreries,10.0,9.0,1.0,0.0
92,2021-01-07,0,total-menorca,1171.0,908.0,248.0,16.0
92,2021-01-07,07064,Es Castell,92.0,72.0,19.0,1.0
93,2021-01-08,07902,Es Migjorn Gran,7.0,6.0,1.0,0.0
93,2021-01-08,07023,Ferreries,10.0,9.0,1.0,0.0
93,2021-01-08,07032,Maó,374.0,283.0,85.0,7.0
93,2021-01-08,07064,Es Castell,92.0,72.0,19.0,1.0
93,2021-01-08,07052,Sant Lluís,52.0,43.0,8.0,1.0
93,2021-01-08,07002,Alaior,185.0,139.0,46.0,0.0
93,2021-01-08,07015,Ciutadella de Menorca,405.0,326.0,76.0,3.0
93,2021-01-08,07037,Es Mercadal,46.0,30.0,12.0,4.0
93,2021-01-08,0,total-menorca,1171.0,908.0,248.0,16.0
94,2021-01-09,07052,Sant Lluís,52.0,43.0,8.0,1.0
94,2021-01-09,07002,Alaior,185.0,139.0,46.0,0.0
94,2021-01-09,07015,Ciutadella de Menorca,405.0,326.0,76.0,3.0
94,2021-01-09,07032,Maó,374.0,283.0,85.0,7.0
94,2021-01-09,07023,Ferreries,10.0,9.0,1.0,0.0
94,2021-01-09,07064,Es Castell,92.0,72.0,19.0,1.0
94,2021-01-09,07902,Es Migjorn Gran,7.0,6.0,1.0,0.0
94,2021-01-09,07037,Es Mercadal,46.0,30.0,12.0,4.0
94,2021-01-09,0,total-menorca,1171.0,908.0,248.0,16.0
95,2021-01-10,07052,Sant Lluís,52.0,43.0,8.0,1.0
95,2021-01-10,07032,Maó,381.0,289.0,86.0,7.0
95,2021-01-10,0,total-menorca,1234.0,929.0,289.0,17.0
95,2021-01-10,07002,Alaior,197.0,143.0,53.0,1.0
95,2021-01-10,07023,Ferreries,10.0,10.0,0.0,0.0
95,2021-01-10,07015,Ciutadella de Menorca,442.0,331.0,108.0,3.0
95,2021-01-10,07902,Es Migjorn Gran,8.0,7.0,1.0,0.0
95,2021-01-10,07064,Es Castell,93.0,73.0,19.0,1.0
95,2021-01-10,07037,Es Mercadal,51.0,33.0,14.0,4.0
96,2021-01-11,07037,Es Mercadal,52.0,34.0,14.0,4.0
96,2021-01-11,07023,Ferreries,10.0,10.0,0.0,0.0
96,2021-01-11,07052,Sant Lluís,52.0,43.0,8.0,1.0
96,2021-01-11,07064,Es Castell,97.0,76.0,20.0,1.0
96,2021-01-11,07002,Alaior,197.0,143.0,53.0,1.0
96,2021-01-11,0,total-menorca,1249.0,950.0,283.0,17.0
96,2021-01-11,07015,Ciutadella de Menorca,449.0,335.0,111.0,3.0
96,2021-01-11,07902,Es Migjorn Gran,8.0,7.0,1.0,0.0
96,2021-01-11,07032,Maó,384.0,302.0,76.0,7.0
97,2021-01-12,07032,Maó,398.0,305.0,87.0,7.0
97,2021-01-12,07002,Alaior,203.0,146.0,56.0,1.0
97,2021-01-12,07023,Ferreries,11.0,10.0,1.0,0.0
97,2021-01-12,0,total-menorca,1292.0,958.0,318.0,17.0
97,2021-01-12,07064,Es Castell,100.0,77.0,22.0,1.0
97,2021-01-12,07052,Sant Lluís,55.0,43.0,11.0,1.0
97,2021-01-12,07037,Es Mercadal,53.0,34.0,15.0,4.0
97,2021-01-12,07902,Es Migjorn Gran,8.0,7.0,1.0,0.0
97,2021-01-12,07015,Ciutadella de Menorca,464.0,336.0,125.0,3.0
98,2021-01-13,0,total-menorca,1325.0,968.0,341.0,17.0
98,2021-01-13,07023,Ferreries,11.0,10.0,1.0,0.0
98,2021-01-13,07032,Maó,404.0,307.0,91.0,7.0
98,2021-01-13,07037,Es Mercadal,53.0,36.0,13.0,4.0
98,2021-01-13,07902,Es Migjorn Gran,8.0,7.0,1.0,0.0
98,2021-01-13,07064,Es Castell,101.0,78.0,22.0,1.0
98,2021-01-13,07052,Sant Lluís,58.0,44.0,13.0,1.0
98,2021-01-13,07015,Ciutadella de Menorca,487.0,337.0,147.0,3.0
98,2021-01-13,07002,Alaior,203.0,149.0,53.0,1.0
99,2021-01-14,07015,Ciutadella de Menorca,518.0,343.0,172.0,3.0
99,2021-01-14,07032,Maó,415.0,307.0,102.0,7.0
99,2021-01-14,07902,Es Migjorn Gran,10.0,7.0,3.0,0.0
99,2021-01-14,07064,Es Castell,104.0,79.0,24.0,1.0
99,2021-01-14,07052,Sant Lluís,58.0,45.0,12.0,1.0
99,2021-01-14,07002,Alaior,215.0,151.0,63.0,1.0
99,2021-01-14,0,total-menorca,1387.0,979.0,392.0,17.0
99,2021-01-14,07023,Ferreries,12.0,10.0,2.0,0.0
99,2021-01-14,07037,Es Mercadal,55.0,37.0,14.0,4.0
100,2021-01-15,07902,Es Migjorn Gran,10.0,7.0,3.0,0.0
100,2021-01-15,0,total-menorca,1387.0,979.0,392.0,17.0
100,2021-01-15,07015,Ciutadella de Menorca,518.0,343.0,172.0,3.0
100,2021-01-15,07037,Es Mercadal,55.0,37.0,14.0,4.0
100,2021-01-15,07032,Maó,415.0,307.0,102.0,7.0
100,2021-01-15,07002,Alaior,215.0,151.0,63.0,1.0
100,2021-01-15,07064,Es Castell,104.0,79.0,24.0,1.0
100,2021-01-15,07023,Ferreries,12.0,10.0,2.0,0.0
100,2021-01-15,07052,Sant Lluís,58.0,45.0,12.0,1.0
101,2021-01-16,07064,Es Castell,104.0,79.0,24.0,1.0
101,2021-01-16,07023,Ferreries,12.0,10.0,2.0,0.0
101,2021-01-16,07015,Ciutadella de Menorca,518.0,343.0,172.0,3.0
101,2021-01-16,0,total-menorca,1387.0,979.0,392.0,17.0
101,2021-01-16,07052,Sant Lluís,58.0,45.0,12.0,1.0
101,2021-01-16,07902,Es Migjorn Gran,10.0,7.0,3.0,0.0
101,2021-01-16,07037,Es Mercadal,55.0,37.0,14.0,4.0
101,2021-01-16,07032,Maó,415.0,307.0,102.0,7.0
101,2021-01-16,07002,Alaior,215.0,151.0,63.0,1.0
102,2021-01-17,07002,Alaior,226.0,159.0,66.0,1.0
102,2021-01-17,07902,Es Migjorn Gran,10.0,7.0,3.0,0.0
102,2021-01-17,07032,Maó,428.0,336.0,86.0,7.0
102,2021-01-17,0,total-menorca,1465.0,1043.0,405.0,18.0
102,2021-01-17,07064,Es Castell,106.0,82.0,23.0,1.0
102,2021-01-17,07052,Sant Lluís,58.0,45.0,12.0,1.0
102,2021-01-17,07037,Es Mercadal,58.0,39.0,15.0,4.0
102,2021-01-17,07023,Ferreries,12.0,10.0,2.0,0.0
102,2021-01-17,07015,Ciutadella de Menorca,567.0,365.0,198.0,4.0
103,2021-01-18,07032,Maó,434.0,340.0,88.0,7.0
103,2021-01-18,07064,Es Castell,110.0,84.0,25.0,1.0
103,2021-01-18,07023,Ferreries,12.0,10.0,2.0,0.0
103,2021-01-18,07052,Sant Lluís,58.0,46.0,11.0,1.0
103,2021-01-18,07037,Es Mercadal,62.0,39.0,19.0,4.0
103,2021-01-18,07902,Es Migjorn Gran,10.0,7.0,3.0,0.0
103,2021-01-18,0,total-menorca,1494.0,1067.0,410.0,18.0
103,2021-01-18,07002,Alaior,227.0,167.0,59.0,1.0
103,2021-01-18,07015,Ciutadella de Menorca,581.0,374.0,203.0,4.0
104,2021-01-19,07052,Sant Lluís,58.0,46.0,11.0,1.0
104,2021-01-19,07023,Ferreries,12.0,10.0,2.0,0.0
104,2021-01-19,07902,Es Migjorn Gran,10.0,7.0,3.0,0.0
104,2021-01-19,07064,Es Castell,110.0,84.0,25.0,1.0
104,2021-01-19,07037,Es Mercadal,62.0,39.0,19.0,4.0
104,2021-01-19,07032,Maó,434.0,340.0,88.0,7.0
104,2021-01-19,07015,Ciutadella de Menorca,581.0,374.0,203.0,4.0
104,2021-01-19,07002,Alaior,227.0,167.0,59.0,1.0
104,2021-01-19,0,total-menorca,1494.0,1067.0,410.0,18.0
105,2021-01-20,07023,Ferreries,12.0,10.0,2.0,0.0
105,2021-01-20,07037,Es Mercadal,62.0,39.0,19.0,4.0
105,2021-01-20,07002,Alaior,227.0,167.0,59.0,1.0
105,2021-01-20,07015,Ciutadella de Menorca,581.0,374.0,203.0,4.0
105,2021-01-20,0,total-menorca,1494.0,1067.0,410.0,18.0
105,2021-01-20,07052,Sant Lluís,58.0,46.0,11.0,1.0
105,2021-01-20,07032,Maó,434.0,340.0,88.0,7.0
105,2021-01-20,07902,Es Migjorn Gran,10.0,7.0,3.0,0.0
105,2021-01-20,07064,Es Castell,110.0,84.0,25.0,1.0
106,2021-01-21,07064,Es Castell,110.0,84.0,25.0,1.0
106,2021-01-21,07902,Es Migjorn Gran,10.0,7.0,3.0,0.0
106,2021-01-21,07032,Maó,434.0,340.0,88.0,7.0
106,2021-01-21,07002,Alaior,227.0,167.0,59.0,1.0
106,2021-01-21,07037,Es Mercadal,62.0,39.0,19.0,4.0
106,2021-01-21,07023,Ferreries,12.0,10.0,2.0,0.0
106,2021-01-21,07052,Sant Lluís,58.0,46.0,11.0,1.0
106,2021-01-21,07015,Ciutadella de Menorca,581.0,374.0,203.0,4.0
106,2021-01-21,0,total-menorca,1494.0,1067.0,410.0,18.0
107,2021-01-22,07023,Ferreries,12.0,10.0,2.0,0.0
107,2021-01-22,07037,Es Mercadal,62.0,39.0,19.0,4.0
107,2021-01-22,07015,Ciutadella de Menorca,581.0,374.0,203.0,4.0
107,2021-01-22,07002,Alaior,227.0,167.0,59.0,1.0
107,2021-01-22,0,total-menorca,1494.0,1067.0,410.0,18.0
107,2021-01-22,07064,Es Castell,110.0,84.0,25.0,1.0
107,2021-01-22,07032,Maó,434.0,340.0,88.0,7.0
107,2021-01-22,07052,Sant Lluís,58.0,46.0,11.0,1.0
107,2021-01-22,07902,Es Migjorn Gran,10.0,7.0,3.0,0.0
108,2021-01-23,07052,Sant Lluís,58.0,46.0,11.0,1.0
108,2021-01-23,07032,Maó,434.0,340.0,88.0,7.0
108,2021-01-23,07015,Ciutadella de Menorca,581.0,374.0,203.0,4.0
108,2021-01-23,07023,Ferreries,12.0,10.0,2.0,0.0
108,2021-01-23,07064,Es Castell,110.0,84.0,25.0,1.0
108,2021-01-23,0,total-menorca,1494.0,1067.0,410.0,18.0
108,2021-01-23,07902,Es Migjorn Gran,10.0,7.0,3.0,0.0
108,2021-01-23,07002,Alaior,227.0,167.0,59.0,1.0
108,2021-01-23,07037,Es Mercadal,62.0,39.0,19.0,4.0
109,2021-01-24,07902,Es Migjorn Gran,10.0,7.0,3.0,0.0
109,2021-01-24,07052,Sant Lluís,58.0,46.0,11.0,1.0
109,2021-01-24,07023,Ferreries,12.0,10.0,2.0,0.0
109,2021-01-24,07032,Maó,434.0,340.0,88.0,7.0
109,2021-01-24,0,total-menorca,1494.0,1067.0,410.0,18.0
109,2021-01-24,07015,Ciutadella de Menorca,581.0,374.0,203.0,4.0
109,2021-01-24,07002,Alaior,227.0,167.0,59.0,1.0
109,2021-01-24,07037,Es Mercadal,62.0,39.0,19.0,4.0
109,2021-01-24,07064,Es Castell,110.0,84.0,25.0,1.0
110,2021-01-25,07015,Ciutadella de Menorca,581.0,374.0,203.0,4.0
110,2021-01-25,07052,Sant Lluís,58.0,46.0,11.0,1.0
110,2021-01-25,07902,Es Migjorn Gran,10.0,7.0,3.0,0.0
110,2021-01-25,07023,Ferreries,12.0,10.0,2.0,0.0
110,2021-01-25,0,total-menorca,1494.0,1067.0,410.0,18.0
110,2021-01-25,07064,Es Castell,110.0,84.0,25.0,1.0
110,2021-01-25,07032,Maó,434.0,340.0,88.0,7.0
110,2021-01-25,07002,Alaior,227.0,167.0,59.0,1.0
110,2021-01-25,07037,Es Mercadal,62.0,39.0,19.0,4.0
111,2021-01-26,07064,Es Castell,110.0,84.0,25.0,1.0
111,2021-01-26,07002,Alaior,227.0,167.0,59.0,1.0
111,2021-01-26,07015,Ciutadella de Menorca,581.0,374.0,203.0,4.0
111,2021-01-26,07032,Maó,434.0,340.0,88.0,7.0
111,2021-01-26,0,total-menorca,1494.0,1067.0,410.0,18.0
111,2021-01-26,07023,Ferreries,12.0,10.0,2.0,0.0
111,2021-01-26,07037,Es Mercadal,62.0,39.0,19.0,4.0
111,2021-01-26,07902,Es Migjorn Gran,10.0,7.0,3.0,0.0
111,2021-01-26,07052,Sant Lluís,58.0,46.0,11.0,1.0
112,2021-01-27,0,total-menorca,1788.0,1373.0,403.0,20.0
112,2021-01-27,07037,Es Mercadal,79.0,54.0,23.0,4.0
112,2021-01-27,07064,Es Castell,124.0,105.0,18.0,1.0
112,2021-01-27,07052,Sant Lluís,61.0,51.0,9.0,1.0
112,2021-01-27,07032,Maó,493.0,397.0,90.0,9.0
112,2021-01-27,07023,Ferreries,21.0,14.0,7.0,0.0
112,2021-01-27,07902,Es Migjorn Gran,11.0,9.0,2.0,0.0
112,2021-01-27,07015,Ciutadella de Menorca,765.0,540.0,223.0,4.0
112,2021-01-27,07002,Alaior,234.0,203.0,31.0,1.0
113,2021-01-28,07037,Es Mercadal,80.0,56.0,22.0,4.0
113,2021-01-28,07902,Es Migjorn Gran,11.0,9.0,2.0,0.0
113,2021-01-28,07032,Maó,499.0,401.0,92.0,9.0
113,2021-01-28,07015,Ciutadella de Menorca,780.0,553.0,225.0,4.0
113,2021-01-28,07064,Es Castell,126.0,106.0,19.0,1.0
113,2021-01-28,07023,Ferreries,21.0,14.0,7.0,0.0
113,2021-01-28,07052,Sant Lluís,64.0,51.0,12.0,1.0
113,2021-01-28,07002,Alaior,236.0,207.0,29.0,1.0
113,2021-01-28,0,total-menorca,1817.0,1397.0,408.0,20.0
114,2021-01-29,07902,Es Migjorn Gran,11.0,9.0,2.0,0.0
114,2021-01-29,07023,Ferreries,21.0,14.0,7.0,0.0
114,2021-01-29,07032,Maó,499.0,401.0,92.0,9.0
114,2021-01-29,07037,Es Mercadal,80.0,56.0,22.0,4.0
114,2021-01-29,0,total-menorca,1817.0,1397.0,408.0,20.0
114,2021-01-29,07015,Ciutadella de Menorca,780.0,553.0,225.0,4.0
114,2021-01-29,07064,Es Castell,126.0,106.0,19.0,1.0
114,2021-01-29,07052,Sant Lluís,64.0,51.0,12.0,1.0
114,2021-01-29,07002,Alaior,236.0,207.0,29.0,1.0
115,2021-01-30,07064,Es Castell,126.0,106.0,19.0,1.0
115,2021-01-30,07015,Ciutadella de Menorca,780.0,553.0,225.0,4.0
115,2021-01-30,07032,Maó,499.0,401.0,92.0,9.0
115,2021-01-30,07002,Alaior,236.0,207.0,29.0,1.0
115,2021-01-30,07023,Ferreries,21.0,14.0,7.0,0.0
115,2021-01-30,07052,Sant Lluís,64.0,51.0,12.0,1.0
115,2021-01-30,07037,Es Mercadal,80.0,56.0,22.0,4.0
115,2021-01-30,07902,Es Migjorn Gran,11.0,9.0,2.0,0.0
115,2021-01-30,0,total-menorca,1817.0,1397.0,408.0,20.0
116,2021-01-31,07064,Es Castell,126.0,115.0,10.0,1.0
116,2021-01-31,0,total-menorca,1850.0,1491.0,346.0,21.0
116,2021-01-31,07037,Es Mercadal,82.0,65.0,15.0,4.0
116,2021-01-31,07015,Ciutadella de Menorca,796.0,593.0,201.0,4.0
116,2021-01-31,07902,Es Migjorn Gran,11.0,9.0,2.0,0.0
116,2021-01-31,07032,Maó,506.0,424.0,76.0,9.0
116,2021-01-31,07002,Alaior,237.0,218.0,18.0,2.0
116,2021-01-31,07023,Ferreries,24.0,14.0,10.0,0.0
116,2021-01-31,07052,Sant Lluís,68.0,53.0,14.0,1.0
117,2021-02-01,07902,Es Migjorn Gran,11.0,9.0,2.0,0.0
117,2021-02-01,07002,Alaior,239.0,218.0,20.0,2.0
117,2021-02-01,07064,Es Castell,126.0,115.0,10.0,1.0
117,2021-02-01,07037,Es Mercadal,83.0,65.0,16.0,4.0
117,2021-02-01,07052,Sant Lluís,69.0,53.0,15.0,1.0
117,2021-02-01,07015,Ciutadella de Menorca,799.0,599.0,198.0,4.0
117,2021-02-01,07032,Maó,515.0,425.0,84.0,9.0
117,2021-02-01,0,total-menorca,1867.0,1498.0,356.0,21.0
117,2021-02-01,07023,Ferreries,25.0,14.0,11.0,0.0
118,2021-02-02,07902,Es Migjorn Gran,11.0,9.0,2.0,0.0
118,2021-02-02,07002,Alaior,241.0,219.0,21.0,2.0
118,2021-02-02,07032,Maó,525.0,433.0,86.0,9.0
118,2021-02-02,07023,Ferreries,25.0,15.0,10.0,0.0
118,2021-02-02,07015,Ciutadella de Menorca,810.0,612.0,195.0,5.0
118,2021-02-02,07052,Sant Lluís,71.0,54.0,16.0,1.0
118,2021-02-02,0,total-menorca,1892.0,1525.0,353.0,22.0
118,2021-02-02,07064,Es Castell,126.0,116.0,9.0,1.0
118,2021-02-02,07037,Es Mercadal,83.0,67.0,14.0,4.0
119,2021-02-03,0,total-menorca,1892.0,1525.0,353.0,22.0
119,2021-02-03,07037,Es Mercadal,83.0,67.0,14.0,4.0
119,2021-02-03,07032,Maó,525.0,433.0,86.0,9.0
119,2021-02-03,07052,Sant Lluís,71.0,54.0,16.0,1.0
119,2021-02-03,07902,Es Migjorn Gran,11.0,9.0,2.0,0.0
119,2021-02-03,07015,Ciutadella de Menorca,810.0,612.0,195.0,5.0
119,2021-02-03,07002,Alaior,241.0,219.0,21.0,2.0
119,2021-02-03,07064,Es Castell,126.0,116.0,9.0,1.0
119,2021-02-03,07023,Ferreries,25.0,15.0,10.0,0.0
120,2021-02-04,07037,Es Mercadal,85.0,71.0,12.0,4.0
120,2021-02-04,07002,Alaior,241.0,219.0,21.0,2.0
120,2021-02-04,07902,Es Migjorn Gran,11.0,9.0,2.0,0.0
120,2021-02-04,07023,Ferreries,27.0,19.0,8.0,0.0
120,2021-02-04,0,total-menorca,1948.0,1586.0,347.0,23.0
120,2021-02-04,07064,Es Castell,130.0,119.0,10.0,1.0
120,2021-02-04,07052,Sant Lluís,77.0,58.0,17.0,2.0
120,2021-02-04,07015,Ciutadella de Menorca,819.0,641.0,175.0,5.0
120,2021-02-04,07032,Maó,558.0,450.0,102.0,9.0
121,2021-02-05,07023,Ferreries,27.0,19.0,8.0,0.0
121,2021-02-05,0,total-menorca,1948.0,1586.0,347.0,23.0
121,2021-02-05,07052,Sant Lluís,77.0,58.0,17.0,2.0
121,2021-02-05,07032,Maó,558.0,450.0,102.0,9.0
121,2021-02-05,07015,Ciutadella de Menorca,819.0,641.0,175.0,5.0
121,2021-02-05,07064,Es Castell,130.0,119.0,10.0,1.0
121,2021-02-05,07037,Es Mercadal,85.0,71.0,12.0,4.0
121,2021-02-05,07002,Alaior,241.0,219.0,21.0,2.0
121,2021-02-05,07902,Es Migjorn Gran,11.0,9.0,2.0,0.0
122,2021-02-06,07002,Alaior,241.0,219.0,21.0,2.0
122,2021-02-06,07902,Es Migjorn Gran,11.0,9.0,2.0,0.0
122,2021-02-06,07015,Ciutadella de Menorca,819.0,641.0,175.0,5.0
122,2021-02-06,07032,Maó,558.0,450.0,102.0,9.0
122,2021-02-06,07023,Ferreries,27.0,19.0,8.0,0.0
122,2021-02-06,07052,Sant Lluís,77.0,58.0,17.0,2.0
122,2021-02-06,07064,Es Castell,130.0,119.0,10.0,1.0
122,2021-02-06,0,total-menorca,1948.0,1586.0,347.0,23.0
122,2021-02-06,07037,Es Mercadal,85.0,71.0,12.0,4.0
123,2021-02-07,07002,Alaior,241.0,219.0,21.0,2.0
123,2021-02-07,07023,Ferreries,28.0,21.0,7.0,0.0
123,2021-02-07,07032,Maó,564.0,466.0,92.0,9.0
123,2021-02-07,07064,Es Castell,133.0,122.0,10.0,1.0
123,2021-02-07,07015,Ciutadella de Menorca,824.0,665.0,156.0,5.0
123,2021-02-07,07902,Es Migjorn Gran,11.0,9.0,2.0,0.0
123,2021-02-07,07052,Sant Lluís,81.0,59.0,20.0,2.0
123,2021-02-07,0,total-menorca,1967.0,1632.0,320.0,23.0
123,2021-02-07,07037,Es Mercadal,85.0,71.0,12.0,4.0
124,2021-02-08,0,total-menorca,1967.0,1632.0,320.0,23.0
124,2021-02-08,07032,Maó,564.0,466.0,92.0,9.0
124,2021-02-08,07064,Es Castell,133.0,122.0,10.0,1.0
124,2021-02-08,07015,Ciutadella de Menorca,824.0,665.0,156.0,5.0
124,2021-02-08,07052,Sant Lluís,81.0,59.0,20.0,2.0
124,2021-02-08,07002,Alaior,241.0,219.0,21.0,2.0
124,2021-02-08,07902,Es Migjorn Gran,11.0,9.0,2.0,0.0
124,2021-02-08,07037,Es Mercadal,85.0,71.0,12.0,4.0
124,2021-02-08,07023,Ferreries,28.0,21.0,7.0,0.0
125,2021-02-09,07032,Maó,570.0,487.0,77.0,9.0
125,2021-02-09,07052,Sant Lluís,84.0,62.0,20.0,2.0
125,2021-02-09,07902,Es Migjorn Gran,11.0,10.0,1.0,0.0
125,2021-02-09,07015,Ciutadella de Menorca,826.0,692.0,131.0,5.0
125,2021-02-09,07023,Ferreries,28.0,21.0,7.0,0.0
125,2021-02-09,07037,Es Mercadal,85.0,72.0,11.0,4.0
125,2021-02-09,0,total-menorca,1979.0,1694.0,270.0,23.0
125,2021-02-09,07002,Alaior,241.0,224.0,16.0,2.0
125,2021-02-09,07064,Es Castell,134.0,126.0,7.0,1.0
126,2021-02-10,07064,Es Castell,135.0,126.0,8.0,1.0
126,2021-02-10,07037,Es Mercadal,85.0,74.0,9.0,4.0
126,2021-02-10,07015,Ciutadella de Menorca,829.0,703.0,123.0,5.0
126,2021-02-10,07902,Es Migjorn Gran,11.0,10.0,1.0,0.0
126,2021-02-10,07002,Alaior,241.0,225.0,15.0,2.0
126,2021-02-10,07052,Sant Lluís,85.0,63.0,20.0,2.0
126,2021-02-10,07032,Maó,574.0,492.0,76.0,9.0
126,2021-02-10,07023,Ferreries,28.0,21.0,7.0,0.0
126,2021-02-10,0,total-menorca,1988.0,1714.0,259.0,23.0
